id,first_name,last_name,email,gender,ip_address
1,Gilles,Defont,gdefont0@bravesites.com,Male,239.205.138.216
2,Errick,Duff,eduff1@netvibes.com,Male,50.201.1.110
3,Shelton,Levington,slevington2@hostgator.com,Male,46.248.92.48
4,Aylmar,Caustic,acaustic3@bing.com,Male,123.63.77.94
5,Saleem,Howsan,showsan4@so-net.ne.jp,Male,105.192.10.107
6,Bea,Marson,bmarson5@shutterfly.com,Female,15.27.45.212
7,Danyette,Youngs,dyoungs6@pinterest.com,Female,191.100.59.254
8,Lamar,Masden,lmasden7@imageshack.us,Male,117.88.139.49
9,Claude,Boakes,cboakes8@last.fm,Female,211.135.174.105
10,Marcy,Govey,mgovey9@telegraph.co.uk,Female,148.221.141.178
11,Humbert,Nacci,hnaccia@army.mil,Male,33.60.138.1
12,Gustavus,Gauld,ggauldb@accuweather.com,Male,148.136.176.58
13,Eldredge,Blowing,eblowingc@youtube.com,Male,19.157.97.110
14,Gabi,Dumbarton,gdumbartond@huffingtonpost.com,Male,106.193.170.188
15,Jelene,Cripwell,jcripwelle@eepurl.com,Female,116.170.4.88
16,Ethelin,Shutler,eshutlerf@oracle.com,Female,34.13.251.196
17,Lyndell,Hessel,lhesselg@networksolutions.com,Female,11.215.47.145
18,Ivonne,Sigart,isigarth@ask.com,Female,199.226.194.133
19,Augusto,Gummie,agummiei@epa.gov,Male,32.137.121.230
20,Curr,Andreotti,candreottij@imgur.com,Male,182.241.127.47
21,Myra,Gissop,mgissopk@bloglovin.com,Female,22.61.44.115
22,Solly,Dodson,sdodsonl@deliciousdays.com,Male,51.126.155.54
23,Cassandre,Seeds,cseedsm@mashable.com,Female,22.210.79.249
24,Ninette,Siggers,nsiggersn@globo.com,Female,20.74.168.128
25,Harlene,Copcote,hcopcoteo@noaa.gov,Female,145.185.129.99
26,Gard,Kenningham,gkenninghamp@exblog.jp,Male,227.47.255.244
27,Terry,Dillow,tdillowq@wikispaces.com,Female,24.89.20.29
28,Titus,Sturt,tsturtr@gmpg.org,Male,154.85.116.101
29,Noby,Elsworth,nelsworths@census.gov,Male,200.55.135.223
30,Jone,Vacher,jvachert@marriott.com,Male,197.78.54.102
31,Westbrooke,Milier,wmilieru@newyorker.com,Male,222.213.173.67
32,Gradey,Mangenot,gmangenotv@loc.gov,Male,165.86.142.121
33,Lynna,Linnitt,llinnittw@noaa.gov,Female,186.177.207.69
34,Theodoric,Pavic,tpavicx@nydailynews.com,Male,249.24.206.77
35,Aldo,Anthoine,aanthoiney@domainmarket.com,Male,205.99.108.220
36,Lucky,Theuss,ltheussz@t.co,Female,200.95.218.227
37,Aleta,Hancock,ahancock10@imgur.com,Female,35.196.219.5
38,Konstanze,Blackah,kblackah11@issuu.com,Female,41.105.25.209
39,Odette,Kezar,okezar12@plala.or.jp,Female,199.46.143.211
40,Sayres,Giberd,sgiberd13@webnode.com,Male,3.231.219.212
41,Renata,Cudihy,rcudihy14@nasa.gov,Female,171.183.154.73
42,Jacklyn,Gores,jgores15@sohu.com,Female,228.57.20.150
43,Taite,Faccini,tfaccini16@washington.edu,Male,178.133.146.19
44,Sheilah,Gennings,sgennings17@pen.io,Female,193.24.222.152
45,Ashlee,Normavell,anormavell18@yelp.com,Female,212.90.163.177
46,Ty,Rupel,trupel19@huffingtonpost.com,Male,102.21.92.4
47,Wilie,Deener,wdeener1a@washington.edu,Female,48.228.161.49
48,Kimbell,Wastell,kwastell1b@tinyurl.com,Male,242.49.117.74
49,Davita,Beretta,dberetta1c@yellowbook.com,Female,39.20.6.2
50,Henry,O'Scannill,hoscannill1d@usnews.com,Male,85.194.251.126
51,Verla,Lebarree,vlebarree1e@prweb.com,Female,51.249.196.176
52,Ros,Loy,rloy1f@hao123.com,Female,198.9.192.17
53,Timotheus,Boutwell,tboutwell1g@w3.org,Male,32.114.233.66
54,Rossie,Braunle,rbraunle1h@prnewswire.com,Male,50.8.128.252
55,Hilarius,Trank,htrank1i@csmonitor.com,Male,152.196.15.66
56,Calhoun,Pearce,cpearce1j@youtu.be,Male,118.68.195.132
57,Gaspar,Whitlow,gwhitlow1k@biglobe.ne.jp,Male,210.111.252.212
58,Brewster,Horrod,bhorrod1l@dailymail.co.uk,Male,214.188.163.118
59,Hobie,Kauffman,hkauffman1m@phpbb.com,Male,148.28.2.78
60,Kamilah,Clementson,kclementson1n@paginegialle.it,Female,159.141.161.127
61,Madelaine,Carles,mcarles1o@webeden.co.uk,Female,129.33.223.102
62,Chrystal,Brosi,cbrosi1p@netvibes.com,Female,248.110.245.15
63,Jolene,Turle,jturle1q@reddit.com,Female,109.194.12.171
64,Ilysa,Harbar,iharbar1r@domainmarket.com,Female,103.3.220.226
65,Melisent,Trammel,mtrammel1s@bandcamp.com,Female,35.57.67.126
66,Arlena,Kunneke,akunneke1t@jiathis.com,Female,18.215.206.64
67,Alejoa,Baird,abaird1u@csmonitor.com,Male,3.41.89.134
68,Toddie,Darycott,tdarycott1v@drupal.org,Male,239.232.79.101
69,Hedy,Corder,hcorder1w@tumblr.com,Female,68.16.221.150
70,Ware,Thamelt,wthamelt1x@earthlink.net,Male,219.67.199.71
71,Salem,Hrus,shrus1y@theatlantic.com,Male,179.158.208.12
72,Angelia,Barlthrop,abarlthrop1z@technorati.com,Female,168.212.223.139
73,Adrien,Pleven,apleven20@google.co.jp,Male,70.5.240.98
74,Reuben,Sherbrooke,rsherbrooke21@last.fm,Male,160.25.47.47
75,Judas,Peasgood,jpeasgood22@domainmarket.com,Male,86.177.249.244
76,Eadie,Dodamead,edodamead23@google.cn,Female,198.30.245.177
77,Sondra,Matuszewski,smatuszewski24@1688.com,Female,247.69.171.152
78,Carlyn,Conry,cconry25@technorati.com,Female,19.242.120.134
79,Banky,Faulds,bfaulds26@soup.io,Male,25.21.141.48
80,Benedicto,Tebbet,btebbet27@ucoz.com,Male,19.28.160.251
81,Langsdon,Stainton - Skinn,lstaintonskinn28@stanford.edu,Male,242.98.143.8
82,Inesita,MacIllrick,imacillrick29@tuttocitta.it,Female,199.143.169.203
83,Hettie,Willishire,hwillishire2a@auda.org.au,Female,69.112.71.149
84,Gaelan,Hyndes,ghyndes2b@weather.com,Male,53.83.82.184
85,Lynette,Trotman,ltrotman2c@canalblog.com,Female,9.119.72.225
86,Brannon,Shardlow,bshardlow2d@apple.com,Male,52.225.77.236
87,Onida,Harnor,oharnor2e@answers.com,Female,175.53.91.130
88,Karena,Peggrem,kpeggrem2f@dot.gov,Female,222.56.231.182
89,Veronika,Etridge,vetridge2g@bluehost.com,Female,188.121.248.189
90,Barny,McDool,bmcdool2h@fda.gov,Male,168.114.79.249
91,Chancey,Levine,clevine2i@biblegateway.com,Male,250.233.132.121
92,Zachery,Severs,zsevers2j@archive.org,Male,13.31.160.106
93,Mavra,Umpleby,mumpleby2k@last.fm,Female,231.183.174.87
94,Cornall,Shotboult,cshotboult2l@smh.com.au,Male,55.6.198.130
95,Marcos,Toolin,mtoolin2m@last.fm,Male,19.75.113.135
96,Damiano,McSaul,dmcsaul2n@example.com,Male,21.42.51.252
97,Randolf,Enright,renright2o@boston.com,Male,80.114.175.83
98,Tiphanie,Harken,tharken2p@msu.edu,Female,227.38.225.128
99,Roch,Giral,rgiral2q@privacy.gov.au,Female,97.81.119.54
100,Salmon,Wilman,swilman2r@nhs.uk,Male,55.131.221.87
101,Gerry,Cowope,gcowope2s@freewebs.com,Male,231.104.139.224
102,Poppy,St. Paul,pstpaul2t@furl.net,Female,109.219.165.134
103,Ellis,Clara,eclara2u@marketwatch.com,Male,243.203.154.137
104,Rosamond,Towey,rtowey2v@princeton.edu,Female,180.80.232.239
105,Raye,Letterese,rletterese2w@weather.com,Female,227.244.102.204
106,Shayne,Bohea,sbohea2x@blogs.com,Male,182.90.87.101
107,Cathlene,Fickling,cfickling2y@homestead.com,Female,178.89.173.212
108,Jemmie,Hartfleet,jhartfleet2z@independent.co.uk,Female,115.188.209.204
109,Ashely,Pietruszewicz,apietruszewicz30@patch.com,Female,37.166.204.193
110,Sunny,Fellos,sfellos31@squidoo.com,Male,191.35.152.187
111,Lydia,Budgeon,lbudgeon32@mail.ru,Female,120.170.91.22
112,Shawn,Tollmache,stollmache33@jigsy.com,Male,203.181.99.27
113,Edan,Bagniuk,ebagniuk34@examiner.com,Male,115.131.59.174
114,Kaia,Sedger,ksedger35@macromedia.com,Female,156.22.52.127
115,Milzie,O'Bradden,mobradden36@tamu.edu,Female,25.208.46.117
116,Bellanca,Mewitt,bmewitt37@hc360.com,Female,253.24.13.63
117,Evyn,Matskiv,ematskiv38@google.it,Male,227.199.237.172
118,Maddy,Paten,mpaten39@bandcamp.com,Male,202.202.220.225
119,Abie,Mertsching,amertsching3a@linkedin.com,Male,186.115.95.239
120,Piper,Ghelardi,pghelardi3b@slashdot.org,Female,133.11.225.248
121,Chane,Childrens,cchildrens3c@netlog.com,Male,92.34.151.90
122,Madelin,Tidswell,mtidswell3d@usnews.com,Female,1.123.10.6
123,Pepillo,Richen,prichen3e@patch.com,Male,227.223.177.88
124,Cal,Kener,ckener3f@arstechnica.com,Female,9.70.20.132
125,Bar,Bohlje,bbohlje3g@sakura.ne.jp,Male,60.102.150.17
126,Carny,Stracey,cstracey3h@about.me,Male,180.155.143.163
127,Tripp,Crowth,tcrowth3i@angelfire.com,Male,130.60.212.83
128,Vikki,Ondrousek,vondrousek3j@mysql.com,Female,178.56.72.78
129,Cordell,Waterman,cwaterman3k@simplemachines.org,Male,93.130.100.179
130,Garreth,Rate,grate3l@blogger.com,Male,163.135.30.122
131,Emelita,Petyanin,epetyanin3m@gnu.org,Female,117.36.145.143
132,Erik,Philbrick,ephilbrick3n@mayoclinic.com,Male,229.212.66.48
133,Dasi,Ower,dower3o@exblog.jp,Female,15.237.70.134
134,Hyacinthe,Shovlar,hshovlar3p@so-net.ne.jp,Female,6.251.123.115
135,Donnie,Birtonshaw,dbirtonshaw3q@over-blog.com,Male,103.66.75.4
136,Thain,Keyes,tkeyes3r@engadget.com,Male,110.223.8.19
137,Luther,Prantoni,lprantoni3s@slideshare.net,Male,102.253.63.224
138,Jeffry,Baile,jbaile3t@businesswire.com,Male,76.197.241.132
139,Timothea,Shackell,tshackell3u@webeden.co.uk,Female,7.223.134.70
140,Lorain,Kopfen,lkopfen3v@biglobe.ne.jp,Female,188.94.41.54
141,Ennis,Polo,epolo3w@sfgate.com,Male,53.172.198.58
142,Noella,Richardeau,nrichardeau3x@studiopress.com,Female,186.188.238.161
143,Jourdan,Collip,jcollip3y@feedburner.com,Female,7.207.167.27
144,Tamera,Link,tlink3z@home.pl,Female,116.172.55.165
145,Noll,Jalland,njalland40@indiegogo.com,Male,197.98.52.156
146,Carine,Goly,cgoly41@epa.gov,Female,162.31.242.165
147,Finn,Pavelka,fpavelka42@engadget.com,Male,241.70.251.140
148,Ezequiel,Knivett,eknivett43@prlog.org,Male,56.65.38.83
149,Lannie,Brunstan,lbrunstan44@devhub.com,Male,107.183.122.109
150,Cristin,Linford,clinford45@a8.net,Female,222.202.194.172
151,Austina,Dockreay,adockreay46@dmoz.org,Female,243.219.41.176
152,Charil,Sanger,csanger47@photobucket.com,Female,22.5.61.86
153,Dyanne,Doveston,ddoveston48@fc2.com,Female,174.189.78.74
154,Abigale,Raddenbury,araddenbury49@abc.net.au,Female,92.53.150.58
155,Fredericka,Brew,fbrew4a@businessinsider.com,Female,214.31.195.91
156,Mollee,Pevie,mpevie4b@netlog.com,Female,87.32.12.218
157,Allys,Milsted,amilsted4c@live.com,Female,49.38.152.23
158,Desi,Dishman,ddishman4d@cnbc.com,Male,157.52.8.208
159,Tobin,Beeswing,tbeeswing4e@ameblo.jp,Male,235.191.178.221
160,Tessie,Corthes,tcorthes4f@kickstarter.com,Female,120.169.76.64
161,Marianne,Tearney,mtearney4g@shareasale.com,Female,55.111.152.65
162,Hadlee,Poon,hpoon4h@ox.ac.uk,Male,177.138.148.241
163,Catlaina,Dwine,cdwine4i@reuters.com,Female,243.38.191.43
164,Dorella,Nobles,dnobles4j@ustream.tv,Female,162.210.224.208
165,Silvia,Batte,sbatte4k@altervista.org,Female,135.31.61.117
166,Curry,MacEveley,cmaceveley4l@cyberchimps.com,Male,14.170.89.124
167,Robinson,Ricciardello,rricciardello4m@go.com,Male,232.91.143.231
168,Hube,Cullip,hcullip4n@youku.com,Male,114.15.186.5
169,Cordie,Dowry,cdowry4o@cargocollective.com,Female,239.233.35.76
170,Shepherd,Camous,scamous4p@livejournal.com,Male,8.59.173.235
171,Kearney,Bolstridge,kbolstridge4q@usnews.com,Male,98.71.244.177
172,Ware,Lally,wlally4r@istockphoto.com,Male,118.124.117.115
173,Cris,Maher,cmaher4s@biblegateway.com,Female,29.126.172.218
174,Philip,Sell,psell4t@phoca.cz,Male,223.92.189.67
175,Olga,Hannant,ohannant4u@vk.com,Female,91.131.166.232
176,Nicolis,Tyght,ntyght4v@usa.gov,Male,51.120.16.191
177,Giana,Hinken,ghinken4w@geocities.jp,Female,63.5.215.67
178,Adriano,Bertram,abertram4x@go.com,Male,214.168.48.10
179,Rianon,Blunsum,rblunsum4y@oaic.gov.au,Female,117.75.76.245
180,Diane-marie,MacIlwrick,dmacilwrick4z@lulu.com,Female,56.231.200.255
181,Onida,Caldicot,ocaldicot50@mac.com,Female,239.83.12.194
182,Carmita,Chelnam,cchelnam51@vimeo.com,Female,117.75.63.122
183,Pyotr,Stitwell,pstitwell52@fc2.com,Male,73.212.46.212
184,Dawna,Lanahan,dlanahan53@about.me,Female,18.194.178.131
185,Hobard,Pringley,hpringley54@wp.com,Male,173.8.193.147
186,Kaylil,Macieiczyk,kmacieiczyk55@ocn.ne.jp,Female,1.11.172.171
187,Page,Jose,pjose56@clickbank.net,Female,114.163.19.217
188,Nedi,Duggon,nduggon57@reverbnation.com,Female,126.94.145.91
189,Jo ann,Radloff,jradloff58@naver.com,Female,56.129.27.135
190,Cornie,Joice,cjoice59@scribd.com,Male,249.96.86.119
191,Phillida,Gayton,pgayton5a@google.ru,Female,158.28.193.41
192,Winonah,Davids,wdavids5b@skype.com,Female,107.100.114.110
193,Rosette,Mockes,rmockes5c@furl.net,Female,206.206.71.121
194,Garnette,Fodden,gfodden5d@loc.gov,Female,117.193.30.236
195,Dan,Triggle,dtriggle5e@zdnet.com,Male,22.109.229.205
196,Arlette,Danell,adanell5f@hao123.com,Female,254.9.6.148
197,Keriann,Strongitharm,kstrongitharm5g@qq.com,Female,240.94.176.3
198,Henriette,Riggert,hriggert5h@timesonline.co.uk,Female,201.107.126.163
199,Federico,Baudts,fbaudts5i@creativecommons.org,Male,111.218.223.62
200,Ephrayim,Moland,emoland5j@hugedomains.com,Male,37.12.166.227
201,Elfrieda,Hacket,ehacket5k@shinystat.com,Female,87.116.84.250
202,Nancey,Donet,ndonet5l@51.la,Female,33.35.221.68
203,Dom,Geratasch,dgeratasch5m@wiley.com,Male,62.19.200.164
204,Grace,Youll,gyoull5n@goo.ne.jp,Female,58.194.139.81
205,Emmalynn,Pietzner,epietzner5o@google.com.hk,Female,121.93.27.214
206,Cletis,Tchir,ctchir5p@qq.com,Male,186.195.43.128
207,Jonell,Umbert,jumbert5q@google.co.jp,Female,76.222.111.66
208,Pepita,Tows,ptows5r@pen.io,Female,7.127.253.230
209,Marylinda,Hallgate,mhallgate5s@blinklist.com,Female,241.203.216.185
210,Ronnie,Sickamore,rsickamore5t@pinterest.com,Male,227.31.87.139
211,Ranice,Alldridge,ralldridge5u@home.pl,Female,48.184.97.208
212,Netti,Brisseau,nbrisseau5v@netscape.com,Female,167.48.47.128
213,Sapphira,Hynde,shynde5w@java.com,Female,218.84.197.24
214,Kristen,Wheelhouse,kwheelhouse5x@barnesandnoble.com,Female,123.89.110.155
215,Zacharias,Thursfield,zthursfield5y@imageshack.us,Male,212.94.123.238
216,Hasheem,Schindler,hschindler5z@liveinternet.ru,Male,26.76.122.178
217,Des,McClenan,dmcclenan60@opera.com,Male,198.145.197.211
218,Crista,Orteau,corteau61@amazon.co.uk,Female,33.14.95.240
219,Phillipe,Cain,pcain62@go.com,Male,27.84.0.155
220,Cynthie,Szwarc,cszwarc63@xrea.com,Female,188.55.146.203
221,Rudolph,Caban,rcaban64@themeforest.net,Male,232.197.189.160
222,Jannel,Loisi,jloisi65@indiegogo.com,Female,231.74.87.91
223,Bradley,Weller,bweller66@google.ca,Male,110.253.235.32
224,Shauna,Calterone,scalterone67@studiopress.com,Female,250.101.158.151
225,Ludwig,Toderbrugge,ltoderbrugge68@ucoz.ru,Male,166.173.229.82
226,Alano,Adamoli,aadamoli69@surveymonkey.com,Male,26.62.1.73
227,Filippo,Ludlem,fludlem6a@businessweek.com,Male,126.162.175.193
228,Kylynn,Walak,kwalak6b@wikia.com,Female,147.229.123.147
229,Antonietta,Simoneschi,asimoneschi6c@printfriendly.com,Female,235.226.19.23
230,Dare,Lammertz,dlammertz6d@e-recht24.de,Male,43.87.69.28
231,Gena,Yeoman,gyeoman6e@stumbleupon.com,Female,111.137.121.59
232,Claudianus,Ferrettini,cferrettini6f@cam.ac.uk,Male,45.67.128.135
233,Saxe,McNaughton,smcnaughton6g@theguardian.com,Male,211.91.29.229
234,Milton,Antao,mantao6h@cbc.ca,Male,177.106.251.254
235,Alice,Rookeby,arookeby6i@wiley.com,Female,238.36.239.159
236,Barbie,Snipe,bsnipe6j@sohu.com,Female,130.245.219.166
237,Riane,Edmeades,redmeades6k@tiny.cc,Female,103.132.10.35
238,Melisent,Tamblingson,mtamblingson6l@storify.com,Female,190.158.103.60
239,Zackariah,Scaplehorn,zscaplehorn6m@unesco.org,Male,188.163.127.252
240,Ellwood,Seage,eseage6n@twitter.com,Male,211.147.150.113
241,Julietta,Guerreru,jguerreru6o@cdbaby.com,Female,125.10.199.206
242,Brigida,Couve,bcouve6p@who.int,Female,136.208.40.198
243,Ketty,Wyett,kwyett6q@blogspot.com,Female,3.86.1.4
244,Aarika,Pinney,apinney6r@google.nl,Female,226.24.208.199
245,Pren,Farenden,pfarenden6s@w3.org,Male,219.93.1.170
246,Rolfe,Risbridge,rrisbridge6t@bbc.co.uk,Male,56.154.224.90
247,Jase,Trippitt,jtrippitt6u@scribd.com,Male,12.211.203.153
248,Vladamir,Badsworth,vbadsworth6v@harvard.edu,Male,160.169.244.85
249,Flint,Magson,fmagson6w@ihg.com,Male,164.180.27.182
250,Vasily,Bonnesen,vbonnesen6x@businessinsider.com,Male,191.225.94.42
251,Silvana,Whitman,swhitman6y@vistaprint.com,Female,106.188.158.31
252,Norine,Tomasutti,ntomasutti6z@cpanel.net,Female,21.172.227.168
253,Cosmo,Samwell,csamwell70@paypal.com,Male,50.249.67.209
254,Son,Purches,spurches71@slashdot.org,Male,79.51.184.173
255,Nevins,Carlens,ncarlens72@twitpic.com,Male,112.136.48.197
256,Nealson,McDougle,nmcdougle73@patch.com,Male,46.30.239.11
257,Kevan,Chinery,kchinery74@exblog.jp,Male,231.92.22.92
258,Caitrin,Larroway,clarroway75@narod.ru,Female,57.210.23.94
259,Amandie,Hubbuck,ahubbuck76@artisteer.com,Female,80.35.40.140
260,Siffre,D'Souza,sdsouza77@cnet.com,Male,64.129.141.82
261,Cassondra,Verrier,cverrier78@last.fm,Female,205.18.87.29
262,Kele,Siddle,ksiddle79@spotify.com,Male,254.56.70.91
263,Claudette,Catterick,ccatterick7a@uol.com.br,Female,114.40.8.136
264,Basile,Enoch,benoch7b@yale.edu,Male,41.219.50.246
265,Shermy,Cozby,scozby7c@salon.com,Male,107.20.150.3
266,Ezechiel,Nesbitt,enesbitt7d@unc.edu,Male,46.127.145.25
267,Farlee,Cathie,fcathie7e@google.ru,Male,234.220.213.113
268,Patricia,Gudgeon,pgudgeon7f@harvard.edu,Female,145.171.159.103
269,Dorolice,Thyer,dthyer7g@domainmarket.com,Female,206.249.175.131
270,Claudie,Trundle,ctrundle7h@businessinsider.com,Female,156.166.46.1
271,Barbey,Ayliff,bayliff7i@jimdo.com,Female,136.199.179.19
272,Lottie,Betje,lbetje7j@google.cn,Female,11.232.120.34
273,Foss,House,fhouse7k@ovh.net,Male,63.32.110.219
274,Christoph,Doggrell,cdoggrell7l@patch.com,Male,75.104.237.140
275,Nettle,d' Eye,ndeye7m@umn.edu,Female,10.44.13.20
276,Briggs,Ivan,bivan7n@cbsnews.com,Male,120.21.70.21
277,Nevil,Kitto,nkitto7o@hugedomains.com,Male,218.217.139.224
278,Hiram,Lawrance,hlawrance7p@devhub.com,Male,235.1.73.65
279,Helga,Cross,hcross7q@netlog.com,Female,119.149.216.199
280,Dianna,Tatton,dtatton7r@ow.ly,Female,233.97.222.252
281,Kennedy,Perott,kperott7s@arstechnica.com,Male,250.211.154.31
282,Waiter,Hiland,whiland7t@about.com,Male,216.173.4.113
283,Cherye,Christophersen,cchristophersen7u@xing.com,Female,91.236.82.110
284,Dun,McGinn,dmcginn7v@oaic.gov.au,Male,229.234.38.191
285,Benni,Nizard,bnizard7w@mapquest.com,Female,221.3.238.46
286,Clifford,Smallpeace,csmallpeace7x@lycos.com,Male,200.112.220.85
287,Carmencita,Wasbrough,cwasbrough7y@dedecms.com,Female,122.252.5.167
288,Imogene,Ledram,iledram7z@google.ru,Female,246.86.136.249
289,Sula,Stiller,sstiller80@fema.gov,Female,230.102.65.155
290,Darsey,Geeve,dgeeve81@plala.or.jp,Female,192.24.29.121
291,Gardie,Killeen,gkilleen82@imageshack.us,Male,68.211.219.246
292,Ulla,Marwood,umarwood83@elegantthemes.com,Female,159.234.62.25
293,Kristoforo,Bonds,kbonds84@shareasale.com,Male,0.115.246.136
294,Lynnelle,Bendson,lbendson85@123-reg.co.uk,Female,25.106.32.93
295,Marie,Wreath,mwreath86@ucoz.com,Female,223.211.219.150
296,Benedicto,Kempston,bkempston87@rakuten.co.jp,Male,148.92.26.161
297,Ula,Buzzing,ubuzzing88@bravesites.com,Female,178.151.21.86
298,Axel,Stirton,astirton89@dyndns.org,Male,64.99.110.55
299,Caritta,Peniello,cpeniello8a@omniture.com,Female,57.89.28.186
300,Olenka,Longstreeth,olongstreeth8b@photobucket.com,Female,206.118.5.31
301,Forster,Paddick,fpaddick8c@creativecommons.org,Male,133.94.164.129
302,Lance,Yannoni,lyannoni8d@imdb.com,Male,246.250.39.7
303,Lara,Varley,lvarley8e@forbes.com,Female,201.192.250.110
304,Jackson,Rudderham,jrudderham8f@is.gd,Male,70.229.37.196
305,Willi,Marshallsay,wmarshallsay8g@apple.com,Male,31.201.213.194
306,Hermie,Arney,harney8h@irs.gov,Male,194.162.51.221
307,Susi,Sichardt,ssichardt8i@freewebs.com,Female,169.20.190.176
308,Crystal,Sansun,csansun8j@github.com,Female,20.44.11.39
309,Mallissa,Scoterbosh,mscoterbosh8k@usa.gov,Female,38.219.81.254
310,Cornie,Gable,cgable8l@people.com.cn,Female,151.215.82.216
311,Salomon,Yeowell,syeowell8m@pagesperso-orange.fr,Male,51.189.97.121
312,Claire,Tipperton,ctipperton8n@wikipedia.org,Female,138.244.35.247
313,Albertine,Cleminson,acleminson8o@umn.edu,Female,46.121.227.1
314,Vasily,Skerm,vskerm8p@unicef.org,Male,93.94.3.25
315,Dwight,Bantock,dbantock8q@facebook.com,Male,208.94.114.175
316,Son,Junes,sjunes8r@chronoengine.com,Male,113.252.39.54
317,Killie,Adne,kadne8s@census.gov,Male,33.181.177.204
318,Worthington,Blaxley,wblaxley8t@umn.edu,Male,247.126.40.224
319,Merrilee,Groomebridge,mgroomebridge8u@bluehost.com,Female,30.20.204.67
320,Luke,Smitten,lsmitten8v@oaic.gov.au,Male,162.32.56.117
321,Joseito,Farman,jfarman8w@sbwire.com,Male,141.174.164.69
322,Valery,Gilhoolie,vgilhoolie8x@canalblog.com,Female,129.5.216.74
323,Rubi,Emanuelov,remanuelov8y@cbslocal.com,Female,177.209.90.5
324,Rachele,Petrishchev,rpetrishchev8z@indiatimes.com,Female,24.225.231.156
325,Roseanne,Althorpe,ralthorpe90@tripadvisor.com,Female,107.211.2.113
326,Ethelyn,Etherson,eetherson91@sbwire.com,Female,238.229.30.13
327,Velma,Olivari,volivari92@patch.com,Female,176.192.198.129
328,Lillis,Haxbie,lhaxbie93@sun.com,Female,62.200.14.8
329,Darrelle,Reeve,dreeve94@yellowbook.com,Female,169.233.85.196
330,Daffie,Espinos,despinos95@reverbnation.com,Female,52.192.218.121
331,Edmon,Fawssett,efawssett96@biglobe.ne.jp,Male,59.224.137.80
332,Ula,Rotherforth,urotherforth97@desdev.cn,Female,134.179.92.249
333,Zack,Gaskins,zgaskins98@amazon.de,Male,62.131.58.118
334,Vikky,Rodwell,vrodwell99@odnoklassniki.ru,Female,252.233.152.42
335,Son,Lettsom,slettsom9a@myspace.com,Male,140.220.80.77
336,Joye,Channon,jchannon9b@yellowpages.com,Female,146.63.234.73
337,Guthry,Ludl,gludl9c@nsw.gov.au,Male,17.205.31.67
338,Garvey,Dunstall,gdunstall9d@cafepress.com,Male,195.21.221.12
339,Elianora,Beartup,ebeartup9e@blogs.com,Female,57.231.238.130
340,Bradan,Farran,bfarran9f@hexun.com,Male,212.66.134.45
341,Dody,Wenman,dwenman9g@npr.org,Female,31.197.251.200
342,Will,Pilger,wpilger9h@gnu.org,Male,13.46.143.91
343,Tonnie,Ysson,tysson9i@umn.edu,Male,148.150.223.254
344,Goran,Chalker,gchalker9j@businessweek.com,Male,142.105.180.198
345,Tedie,Biernat,tbiernat9k@wikimedia.org,Male,1.7.152.135
346,Anderea,Moquin,amoquin9l@google.fr,Female,160.50.154.139
347,Vite,Millgate,vmillgate9m@aboutads.info,Male,160.144.63.188
348,Abbott,Helian,ahelian9n@de.vu,Male,155.40.171.249
349,Nolly,Carradice,ncarradice9o@alexa.com,Male,99.24.8.52
350,Amelie,Searles,asearles9p@t.co,Female,65.171.127.198
351,Kali,Crayker,kcrayker9q@usgs.gov,Female,135.89.140.201
352,Concettina,Grebner,cgrebner9r@google.com,Female,248.37.140.71
353,Arturo,Rieger,arieger9s@chicagotribune.com,Male,10.174.48.135
354,Baxy,Whitta,bwhitta9t@moonfruit.com,Male,47.161.196.153
355,Conny,Cornier,ccornier9u@walmart.com,Female,154.24.167.76
356,Winnifred,Woodworth,wwoodworth9v@nydailynews.com,Female,231.12.23.124
357,Nolly,Binning,nbinning9w@a8.net,Male,31.183.189.148
358,Bowie,Barlass,bbarlass9x@mapy.cz,Male,4.7.30.197
359,Giacomo,Demetr,gdemetr9y@indiegogo.com,Male,90.79.238.221
360,Haven,Cescon,hcescon9z@cargocollective.com,Male,209.252.152.150
361,Cristal,Pound,cpounda0@list-manage.com,Female,107.233.147.146
362,Mycah,Diggle,mdigglea1@blog.com,Male,104.160.147.157
363,Marianne,Brothwood,mbrothwooda2@photobucket.com,Female,90.60.88.12
364,Bruno,Juschke,bjuschkea3@com.com,Male,93.115.73.10
365,Winfield,Heifer,wheifera4@reddit.com,Male,159.96.76.134
366,Bev,Gergler,bgerglera5@discovery.com,Male,55.31.234.209
367,Essy,Tythacott,etythacotta6@123-reg.co.uk,Female,100.31.52.2
368,Aleda,Grainge,agraingea7@netvibes.com,Female,122.194.206.71
369,Tobit,Josling,tjoslinga8@stanford.edu,Male,242.95.182.93
370,Staffard,Asman,sasmana9@guardian.co.uk,Male,220.19.253.216
371,Alex,Rushforth,arushforthaa@springer.com,Male,154.53.81.223
372,Talbert,Deener,tdeenerab@issuu.com,Male,205.250.215.38
373,Salomone,Tither,stitherac@berkeley.edu,Male,82.187.214.250
374,Bess,Presidey,bpresideyad@yelp.com,Female,234.140.198.38
375,Hurlee,Fellibrand,hfellibrandae@guardian.co.uk,Male,158.167.119.252
376,Sinclair,Robelin,srobelinaf@oakley.com,Male,36.235.212.120
377,Ev,Mitchard,emitchardag@flavors.me,Male,224.72.49.141
378,Hernando,Cromett,hcromettah@oakley.com,Male,49.199.112.83
379,Mei,Lorey,mloreyai@digg.com,Female,203.62.154.148
380,Gus,Laverty,glavertyaj@dedecms.com,Male,51.229.163.69
381,Donni,Sloss,dslossak@weebly.com,Female,46.102.254.237
382,Monro,Ibbetson,mibbetsonal@admin.ch,Male,173.130.29.174
383,Serge,McCurdy,smccurdyam@hubpages.com,Male,60.151.133.243
384,Matilde,Kelloway,mkellowayan@spiegel.de,Female,160.198.185.228
385,Dody,Seniour,dseniourao@nasa.gov,Female,8.85.8.134
386,Lynn,Gibbieson,lgibbiesonap@uiuc.edu,Male,54.132.86.5
387,Adrien,Darrington,adarringtonaq@psu.edu,Male,13.185.249.99
388,Francene,Entwisle,fentwislear@exblog.jp,Female,241.145.106.5
389,Erda,D'Agostino,edagostinoas@army.mil,Female,15.48.89.144
390,Bernadine,Ebrall,bebrallat@arstechnica.com,Female,236.134.154.57
391,Ingrim,Ellit,iellitau@reddit.com,Male,51.10.8.187
392,Emile,Simoncini,esimonciniav@cpanel.net,Male,63.13.196.111
393,Bartolemo,Coggings,bcoggingsaw@yolasite.com,Male,245.229.214.234
394,Lurline,MacGowing,lmacgowingax@yandex.ru,Female,174.169.132.224
395,Conan,Poulston,cpoulstonay@dell.com,Male,108.240.220.101
396,Leigh,Barendtsen,lbarendtsenaz@nyu.edu,Male,240.157.129.74
397,Talyah,Radoux,tradouxb0@plala.or.jp,Female,185.194.115.125
398,Ralf,aManger,ramangerb1@dailymotion.com,Male,48.82.28.183
399,Arther,Spary,asparyb2@slashdot.org,Male,59.23.195.172
400,Holly-anne,Iannello,hiannellob3@dedecms.com,Female,61.189.143.28
401,Charyl,Joplin,cjoplinb4@4shared.com,Female,23.125.119.24
402,Koressa,Gravy,kgravyb5@mapy.cz,Female,76.71.128.28
403,Perle,O'Shea,posheab6@example.com,Female,119.41.51.213
404,Marcellina,Ashelford,mashelfordb7@europa.eu,Female,111.227.204.31
405,Cindi,Streatfield,cstreatfieldb8@list-manage.com,Female,27.171.193.61
406,Morry,Creese,mcreeseb9@jigsy.com,Male,111.113.48.218
407,Jojo,Cowderay,jcowderayba@youtu.be,Female,55.81.142.231
408,Emanuel,Ewert,eewertbb@geocities.jp,Male,218.140.98.103
409,Barnabas,Smitherham,bsmitherhambc@webs.com,Male,119.171.144.173
410,Kipper,Darinton,kdarintonbd@indiegogo.com,Male,194.255.157.138
411,Thornie,Maryin,tmaryinbe@meetup.com,Male,160.183.105.236
412,Rhody,Grzesiak,rgrzesiakbf@army.mil,Female,178.15.4.190
413,Robinet,Knell,rknellbg@gov.uk,Male,231.197.7.199
414,Daryle,Mussared,dmussaredbh@smh.com.au,Male,24.76.177.114
415,Ryun,Hanner,rhannerbi@ustream.tv,Male,2.139.162.245
416,Guillaume,Franke,gfrankebj@over-blog.com,Male,250.66.199.24
417,Konrad,Paulat,kpaulatbk@ft.com,Male,25.215.215.13
418,Abel,Sommer,asommerbl@shutterfly.com,Male,3.221.223.148
419,Cheslie,Pierrepont,cpierrepontbm@twitpic.com,Female,69.85.159.47
420,Ophelia,Ducham,oduchambn@angelfire.com,Female,70.82.173.91
421,Dell,Haskey,dhaskeybo@spiegel.de,Female,28.208.77.29
422,Ugo,Hughf,uhughfbp@ca.gov,Male,73.160.123.132
423,Gar,Berryann,gberryannbq@ezinearticles.com,Male,142.150.130.169
424,Nevil,Clother,nclotherbr@mail.ru,Male,207.160.235.39
425,Dulcy,Caris,dcarisbs@ucoz.com,Female,30.57.21.9
426,George,Nisuis,gnisuisbt@oakley.com,Male,74.110.99.222
427,Trix,Folke,tfolkebu@bravesites.com,Female,145.198.87.87
428,Kelcy,Serotsky,kserotskybv@nsw.gov.au,Female,7.13.78.177
429,Trstram,Walesa,twalesabw@cocolog-nifty.com,Male,54.176.155.182
430,Dukie,Faiers,dfaiersbx@reference.com,Male,16.188.55.163
431,Shandie,Stell,sstellby@cbslocal.com,Female,111.9.119.41
432,Farrah,Colyer,fcolyerbz@taobao.com,Female,35.132.11.77
433,Corrie,Dugdale,cdugdalec0@cdc.gov,Male,36.217.142.204
434,Shelley,Lohoar,slohoarc1@fastcompany.com,Female,246.192.177.250
435,Jennie,Rishworth,jrishworthc2@purevolume.com,Female,98.37.198.41
436,Christopher,Seabright,cseabrightc3@exblog.jp,Male,238.100.192.54
437,Anni,Hans,ahansc4@about.me,Female,143.102.85.88
438,Georgie,Ingliss,ginglissc5@twitter.com,Male,228.169.239.253
439,Angie,Morican,amoricanc6@mtv.com,Female,147.87.208.142
440,Alikee,Bartens,abartensc7@nationalgeographic.com,Female,65.188.118.121
441,Thorin,Simonard,tsimonardc8@linkedin.com,Male,137.150.78.199
442,Burr,Klampt,bklamptc9@php.net,Male,88.76.16.104
443,Kassia,Gouly,kgoulyca@quantcast.com,Female,10.179.166.62
444,Ciel,Sanpher,csanphercb@pagesperso-orange.fr,Female,71.217.21.43
445,Kaja,McDougle,kmcdouglecc@sciencedaily.com,Female,62.89.105.200
446,Krishnah,Tremble,ktremblecd@phpbb.com,Male,197.197.44.54
447,Sascha,Swyer-Sexey,sswyersexeyce@businessinsider.com,Female,253.108.121.29
448,Marla,Sidle,msidlecf@illinois.edu,Female,197.105.61.212
449,Aurthur,Alton,aaltoncg@bing.com,Male,185.64.244.212
450,Dasi,Gatecliffe,dgatecliffech@freewebs.com,Female,236.169.9.104
451,Merrie,Dewicke,mdewickeci@odnoklassniki.ru,Female,84.188.34.50
452,Maddalena,Sorro,msorrocj@t.co,Female,227.36.46.105
453,Lianna,Elvins,lelvinsck@wisc.edu,Female,143.17.229.60
454,Hilliary,O'Hern,hoherncl@google.pl,Female,216.95.143.162
455,Glenine,Proudman,gproudmancm@patch.com,Female,177.234.197.123
456,Gisela,Leather,gleathercn@pen.io,Female,26.248.178.153
457,Dita,Zylbermann,dzylbermannco@shop-pro.jp,Female,196.123.85.41
458,Ellerey,Filippozzi,efilippozzicp@japanpost.jp,Male,162.116.60.231
459,Saxe,Nelthorp,snelthorpcq@1und1.de,Male,44.197.90.221
460,Matty,Tomblett,mtomblettcr@amazon.co.uk,Male,188.180.229.36
461,Brew,Fisby,bfisbycs@g.co,Male,33.97.71.7
462,Whitaker,Baldacchi,wbaldacchict@booking.com,Male,248.198.164.174
463,Delila,Armour,darmourcu@infoseek.co.jp,Female,55.201.248.239
464,Alf,Hamlett,ahamlettcv@springer.com,Male,56.118.39.70
465,Denys,McIlwraith,dmcilwraithcw@e-recht24.de,Male,235.83.111.41
466,Berny,Stebbings,bstebbingscx@canalblog.com,Male,226.98.172.8
467,Tomkin,Benterman,tbentermancy@businessweek.com,Male,14.214.62.131
468,Debora,Biggerstaff,dbiggerstaffcz@forbes.com,Female,20.25.194.237
469,Winona,O'Doohaine,wodoohained0@netvibes.com,Female,123.96.109.174
470,Itch,Fullylove,ifullyloved1@twitpic.com,Male,155.123.68.202
471,Skyler,Rief,sriefd2@archive.org,Male,178.90.107.32
472,Heindrick,Redington,hredingtond3@google.es,Male,132.203.185.246
473,Nydia,Seamons,nseamonsd4@goo.gl,Female,183.238.130.11
474,Berke,Harkess,bharkessd5@instagram.com,Male,193.20.241.238
475,Mordecai,Wiz,mwizd6@google.com.au,Male,107.159.20.191
476,Abbe,Suerz,asuerzd7@umich.edu,Female,160.53.163.79
477,Troy,Eakly,teaklyd8@pen.io,Male,173.239.50.149
478,Pinchas,McNulty,pmcnultyd9@cargocollective.com,Male,33.166.81.247
479,Welch,Morena,wmorenada@clickbank.net,Male,21.42.145.140
480,Kerry,Lamanby,klamanbydb@privacy.gov.au,Female,129.203.1.40
481,Analiese,Suttaby,asuttabydc@dot.gov,Female,55.34.246.76
482,Jereme,Moorcroft,jmoorcroftdd@narod.ru,Male,162.136.214.67
483,Edd,Divine,edivinede@livejournal.com,Male,223.252.133.239
484,Alphonso,Mc Mechan,amcmechandf@twitter.com,Male,207.132.10.10
485,Daryl,Sarle,dsarledg@mac.com,Female,58.106.8.12
486,Stevana,Joscelyn,sjoscelyndh@blog.com,Female,154.222.107.240
487,Deeanne,Crassweller,dcrasswellerdi@wufoo.com,Female,93.75.23.174
488,Kristofor,Neubigging,kneubiggingdj@spiegel.de,Male,85.29.171.219
489,Ira,Figin,ifigindk@chron.com,Female,172.230.72.24
490,Jory,Clementucci,jclementuccidl@t-online.de,Male,208.244.53.142
491,Hendrika,Coggings,hcoggingsdm@ebay.co.uk,Female,158.166.168.169
492,Quintina,Puncher,qpuncherdn@photobucket.com,Female,12.204.99.78
493,Cynde,Glide,cglidedo@shop-pro.jp,Female,148.219.33.3
494,Dicky,McGuffog,dmcguffogdp@sbwire.com,Male,104.6.100.50
495,Reinhard,Hise,rhisedq@nsw.gov.au,Male,16.215.112.217
496,Tracey,Daltrey,tdaltreydr@networkadvertising.org,Male,45.195.173.110
497,Fraze,Arpur,farpurds@indiatimes.com,Male,77.210.47.165
498,Findlay,Cary,fcarydt@baidu.com,Male,74.154.230.230
499,Raffarty,Kerbler,rkerblerdu@desdev.cn,Male,122.17.155.137
500,Mada,McAirt,mmcairtdv@feedburner.com,Female,220.252.107.93
501,Joshia,Tasch,jtaschdw@bluehost.com,Male,151.102.26.40
502,Mackenzie,L'Homme,mlhommedx@opera.com,Male,38.184.253.39
503,Gretna,Hyland,ghylanddy@imgur.com,Female,108.180.73.198
504,Marsiella,Dearden,mdeardendz@ftc.gov,Female,135.149.57.112
505,Nickolaus,Chicken,nchickene0@cisco.com,Male,4.160.70.185
506,Ryon,Ayton,raytone1@vkontakte.ru,Male,232.203.206.195
507,Artemus,Heimes,aheimese2@1und1.de,Male,68.174.214.185
508,Gwenneth,Rosenthaler,grosenthalere3@geocities.com,Female,124.39.235.119
509,Samuel,Endon,sendone4@homestead.com,Male,56.241.207.142
510,Karlik,Haughian,khaughiane5@cbc.ca,Male,251.117.99.102
511,Porty,Primmer,pprimmere6@naver.com,Male,50.28.222.192
512,Elston,Colqueran,ecolquerane7@pbs.org,Male,0.248.35.186
513,Collie,Fritchly,cfritchlye8@imdb.com,Female,29.162.173.77
514,Rebe,Swetman,rswetmane9@g.co,Female,10.35.165.173
515,Rollin,Castangia,rcastangiaea@1und1.de,Male,235.196.76.221
516,Marylynne,Waldera,mwalderaeb@ask.com,Female,174.180.58.42
517,Ericha,Morrilly,emorrillyec@shinystat.com,Female,130.196.218.21
518,Ella,Moncarr,emoncarred@boston.com,Female,186.126.211.197
519,Andy,Grinston,agrinstonee@wp.com,Male,197.130.93.156
520,Min,Wenban,mwenbanef@auda.org.au,Female,173.195.66.109
521,Derron,Burborough,dburborougheg@abc.net.au,Male,132.154.197.74
522,Georgeta,Proven,gproveneh@unblog.fr,Female,203.240.82.179
523,Stuart,Szachniewicz,sszachniewiczei@google.com.au,Male,251.108.140.71
524,Jessica,Veysey,jveyseyej@princeton.edu,Female,9.70.13.90
525,Lizette,Capinetti,lcapinettiek@delicious.com,Female,180.27.255.199
526,Keven,Ivashov,kivashovel@skyrock.com,Male,114.72.229.168
527,Sancho,Gietz,sgietzem@phpbb.com,Male,242.224.20.15
528,Laurie,Hartington,lhartingtonen@foxnews.com,Female,230.203.61.173
529,Feodor,Matthiae,fmatthiaeeo@csmonitor.com,Male,236.175.67.25
530,Callida,Wipper,cwipperep@imdb.com,Female,252.214.13.87
531,Nonah,Lalevee,nlaleveeeq@nyu.edu,Female,174.62.142.171
532,Reagen,Adrianello,radrianelloer@sohu.com,Male,180.252.150.246
533,Brett,Dive,bdivees@ed.gov,Female,226.48.171.90
534,Tore,Leall,tleallet@intel.com,Male,115.218.213.48
535,Francene,Skyme,fskymeeu@naver.com,Female,119.83.60.3
536,Berta,Rubenchik,brubenchikev@posterous.com,Female,225.160.76.29
537,Ambros,Matzke,amatzkeew@lulu.com,Male,227.161.52.61
538,Morey,Mungham,mmunghamex@aol.com,Male,26.78.120.96
539,Ofella,Hadeke,ohadekeey@live.com,Female,88.215.155.195
540,Willabella,Tal,wtalez@eventbrite.com,Female,186.43.59.129
541,Hagen,Whitear,hwhitearf0@scientificamerican.com,Male,112.224.56.4
542,Franny,O'Hone,fohonef1@timesonline.co.uk,Female,24.153.118.170
543,Allayne,Henniger,ahennigerf2@ed.gov,Male,125.119.234.207
544,Reinold,Russilll,rrussilllf3@businesswire.com,Male,190.248.57.64
545,Kippie,Pates,kpatesf4@columbia.edu,Female,251.245.238.183
546,Frank,Rivett,frivettf5@artisteer.com,Female,136.95.159.40
547,Catlee,Kidwell,ckidwellf6@google.com.hk,Female,186.245.16.223
548,Wilbur,Valance,wvalancef7@nba.com,Male,169.186.194.12
549,Lindsy,Sapp,lsappf8@cnn.com,Female,112.32.248.64
550,Wenona,Goman,wgomanf9@opera.com,Female,10.209.246.217
551,Cristin,Baynon,cbaynonfa@ustream.tv,Female,226.182.8.5
552,Lanita,Christoffels,lchristoffelsfb@plala.or.jp,Female,142.228.107.24
553,Brena,Emery,bemeryfc@clickbank.net,Female,184.2.252.54
554,Dario,Danilyak,ddanilyakfd@delicious.com,Male,3.208.103.176
555,Lonnard,Bartod,lbartodfe@opera.com,Male,24.252.150.217
556,Willey,Bills,wbillsff@examiner.com,Male,87.114.182.247
557,Baily,Pinks,bpinksfg@friendfeed.com,Male,161.184.51.22
558,Reggi,Wenger,rwengerfh@abc.net.au,Female,212.32.27.124
559,Westleigh,Attawell,wattawellfi@alexa.com,Male,179.55.94.229
560,Ingrim,Woolveridge,iwoolveridgefj@ox.ac.uk,Male,42.221.76.159
561,Anet,Merrall,amerrallfk@example.com,Female,43.224.205.223
562,Xylia,Boundy,xboundyfl@cafepress.com,Female,209.255.92.215
563,Niko,Osgorby,nosgorbyfm@cargocollective.com,Male,160.245.91.70
564,Mariann,Wren,mwrenfn@nbcnews.com,Female,250.93.73.48
565,Warden,Feldhammer,wfeldhammerfo@phpbb.com,Male,0.129.193.97
566,Mason,Latch,mlatchfp@elegantthemes.com,Male,15.238.211.186
567,Lorraine,Helkin,lhelkinfq@amazon.com,Female,213.230.28.193
568,Wernher,Chatwin,wchatwinfr@loc.gov,Male,7.17.235.184
569,Diandra,Jenteau,djenteaufs@shop-pro.jp,Female,23.149.79.7
570,Josephine,Danilov,jdanilovft@diigo.com,Female,161.224.8.93
571,Heda,Cattow,hcattowfu@newyorker.com,Female,150.158.179.117
572,Lance,Binns,lbinnsfv@csmonitor.com,Male,162.5.86.56
573,Tine,Carrel,tcarrelfw@com.com,Female,31.143.9.65
574,Rodolfo,Woolmer,rwoolmerfx@redcross.org,Male,87.76.103.161
575,Gilles,Ranyell,granyellfy@booking.com,Male,100.27.3.234
576,Waring,Shatford,wshatfordfz@nationalgeographic.com,Male,42.114.120.124
577,Corie,Seldner,cseldnerg0@com.com,Female,98.185.101.28
578,Major,Shipperbottom,mshipperbottomg1@gmpg.org,Male,141.149.134.221
579,Oby,Dawley,odawleyg2@telegraph.co.uk,Male,212.41.98.179
580,Lianne,Likly,lliklyg3@ovh.net,Female,225.107.86.190
581,Mommy,Lenglet,mlengletg4@quantcast.com,Female,250.11.74.83
582,L;urette,Resun,lresung5@1688.com,Female,188.219.192.69
583,Petronille,Vockings,pvockingsg6@joomla.org,Female,63.116.0.161
584,Barbette,Swain,bswaing7@ocn.ne.jp,Female,151.64.36.99
585,Chloris,Jeffers,cjeffersg8@yolasite.com,Female,109.49.243.251
586,Calida,Cruxton,ccruxtong9@techcrunch.com,Female,35.46.211.188
587,Hart,Brunesco,hbrunescoga@redcross.org,Male,186.42.54.218
588,Harrison,Gyrgorwicx,hgyrgorwicxgb@va.gov,Male,201.177.220.161
589,Enrica,Goodhay,egoodhaygc@webnode.com,Female,178.18.163.200
590,Nellie,Mabon,nmabongd@nationalgeographic.com,Female,89.79.140.236
591,Northrop,Geekie,ngeekiege@mapquest.com,Male,127.233.170.57
592,Benedetto,Pickervance,bpickervancegf@indiatimes.com,Male,69.125.237.183
593,Bary,Mayer,bmayergg@tripod.com,Male,205.138.88.227
594,Janna,Dunley,jdunleygh@seesaa.net,Female,233.240.170.231
595,Georgiana,Tommis,gtommisgi@discuz.net,Female,58.98.90.20
596,Hershel,Horrell,hhorrellgj@mashable.com,Male,82.246.41.107
597,Sherm,Gold,sgoldgk@addthis.com,Male,144.156.186.6
598,Oran,Arnott,oarnottgl@myspace.com,Male,29.172.70.96
599,Weber,Portriss,wportrissgm@nytimes.com,Male,205.83.36.105
600,Devan,Coulbeck,dcoulbeckgn@ebay.com,Female,239.60.239.144
601,Kalina,Hedderly,khedderlygo@csmonitor.com,Female,19.125.230.235
602,Deb,Sherrin,dsherringp@statcounter.com,Female,179.180.14.153
603,Ebba,Baxster,ebaxstergq@issuu.com,Female,1.118.243.45
604,Chancey,Krzyzowski,ckrzyzowskigr@privacy.gov.au,Male,233.150.109.48
605,Kizzee,Greene,kgreenegs@businesswire.com,Female,205.218.71.158
606,Cooper,Jiroutka,cjiroutkagt@state.gov,Male,69.207.211.62
607,Willow,Inglis,winglisgu@bing.com,Female,186.140.186.146
608,Katrinka,Johananoff,kjohananoffgv@ucla.edu,Female,92.121.236.71
609,Clarice,Geydon,cgeydongw@squidoo.com,Female,116.248.44.138
610,Wyatan,Salmen,wsalmengx@rakuten.co.jp,Male,186.147.201.154
611,Tudor,Richter,trichtergy@sfgate.com,Male,157.81.140.235
612,Shaw,O'Hallagan,sohallagangz@hostgator.com,Male,76.105.189.135
613,Kayle,Softley,ksoftleyh0@wordpress.com,Female,103.8.105.197
614,Lucille,Arondel,larondelh1@nytimes.com,Female,43.252.35.143
615,Kirk,Bixley,kbixleyh2@paginegialle.it,Male,138.97.142.250
616,Dionne,Sappy,dsappyh3@patch.com,Female,43.235.121.56
617,Ewell,Jerche,ejercheh4@bigcartel.com,Male,26.7.251.171
618,Christophorus,Worthy,cworthyh5@arstechnica.com,Male,38.73.47.99
619,Jareb,Fanthom,jfanthomh6@people.com.cn,Male,188.232.115.192
620,Clint,Yushkin,cyushkinh7@elpais.com,Male,193.29.200.236
621,Allyson,Baudino,abaudinoh8@mail.ru,Female,89.39.54.13
622,Kyle,Tucknott,ktucknotth9@theatlantic.com,Female,142.154.218.19
623,Dale,Topes,dtopesha@ameblo.jp,Male,176.197.39.253
624,Orelia,Lucien,olucienhb@ox.ac.uk,Female,228.165.51.171
625,Marji,Passo,mpassohc@yellowpages.com,Female,107.98.50.8
626,Henrieta,Groome,hgroomehd@hud.gov,Female,53.131.79.168
627,Hartwell,Portingale,hportingalehe@so-net.ne.jp,Male,123.188.145.108
628,Wernher,Bell,wbellhf@cbslocal.com,Male,158.61.219.156
629,Amabel,Pollastrino,apollastrinohg@blogs.com,Female,104.97.168.62
630,Hollie,Dalgarno,hdalgarnohh@businessweek.com,Female,0.255.243.145
631,Reece,Haggart,rhaggarthi@businesswire.com,Male,141.229.209.107
632,Cinnamon,Kmiec,ckmiechj@blog.com,Female,21.142.131.245
633,Cecil,Josupeit,cjosupeithk@go.com,Female,16.104.199.213
634,Blisse,Bywater,bbywaterhl@microsoft.com,Female,7.98.202.88
635,Colleen,Hinchon,chinchonhm@ucsd.edu,Female,140.224.212.49
636,Kariotta,O'Hanley,kohanleyhn@ihg.com,Female,2.39.114.60
637,Clemente,Brattell,cbrattellho@e-recht24.de,Male,134.107.123.224
638,Kimball,Doughill,kdoughillhp@bloomberg.com,Male,144.61.225.21
639,Anna-diane,Buxton,abuxtonhq@addthis.com,Female,52.49.17.55
640,Emalee,Leinweber,eleinweberhr@washington.edu,Female,142.228.191.229
641,Rick,Dicte,rdictehs@photobucket.com,Male,202.70.240.31
642,Ariel,Keyzor,akeyzorht@foxnews.com,Male,53.51.213.5
643,Aube,Kryzhov,akryzhovhu@artisteer.com,Male,200.67.22.111
644,Vlad,Stickney,vstickneyhv@dell.com,Male,161.195.190.99
645,Merwyn,MacDavitt,mmacdavitthw@ebay.co.uk,Male,150.247.57.211
646,Shayla,Keeting,skeetinghx@sohu.com,Female,179.42.147.84
647,Pepito,Goodley,pgoodleyhy@jalbum.net,Male,77.158.227.204
648,Sapphire,Claffey,sclaffeyhz@ebay.co.uk,Female,153.58.213.154
649,Dannel,Fitzmaurice,dfitzmauricei0@goodreads.com,Male,183.35.112.239
650,Amandie,Kropach,akropachi1@foxnews.com,Female,124.184.65.5
651,Husain,Henighan,hhenighani2@zdnet.com,Male,255.173.177.48
652,Damon,Partleton,dpartletoni3@odnoklassniki.ru,Male,30.233.232.68
653,Melisent,Ainslie,mainsliei4@acquirethisname.com,Female,110.123.221.118
654,Rodina,McCaffrey,rmccaffreyi5@delicious.com,Female,37.190.205.203
655,Bendick,Cassey,bcasseyi6@skyrock.com,Male,196.165.146.127
656,Tommie,Allanson,tallansoni7@boston.com,Female,167.215.207.53
657,Sherilyn,Hitzke,shitzkei8@histats.com,Female,192.139.3.113
658,Stephanie,Dolling,sdollingi9@booking.com,Female,35.174.129.36
659,Elayne,Braundt,ebraundtia@alibaba.com,Female,132.169.98.185
660,Von,Paute,vpauteib@rambler.ru,Male,244.55.132.200
661,Tonia,Demko,tdemkoic@mit.edu,Female,198.175.126.4
662,Dewain,Longbothom,dlongbothomid@vkontakte.ru,Male,92.124.43.205
663,Tiebout,Onn,tonnie@eepurl.com,Male,41.94.29.183
664,Charley,Jullian,cjullianif@cnbc.com,Male,201.106.186.224
665,Karlee,Disman,kdismanig@usnews.com,Female,94.176.228.208
666,Amble,Durtnell,adurtnellih@go.com,Male,213.151.112.150
667,Jess,Middleditch,jmiddleditchii@msu.edu,Female,99.85.121.0
668,Em,Bines,ebinesij@google.de,Male,173.242.136.117
669,Franzen,Glaysher,fglaysherik@mysql.com,Male,39.151.186.10
670,Hillery,Beet,hbeetil@g.co,Male,215.209.84.102
671,Calhoun,Bedward,cbedwardim@virginia.edu,Male,96.199.232.72
672,Griffin,Croxton,gcroxtonin@cloudflare.com,Male,31.187.85.108
673,Hillel,Ferrick,hferrickio@chron.com,Male,240.205.96.38
674,Octavius,Perrottet,operrottetip@kickstarter.com,Male,3.203.43.17
675,Ado,Seywood,aseywoodiq@sohu.com,Male,168.103.64.68
676,Wainwright,Shadbolt,wshadboltir@answers.com,Male,200.115.234.118
677,Alverta,Charlotte,acharlotteis@usatoday.com,Female,42.63.5.189
678,Byron,O'Doghesty,bodoghestyit@dyndns.org,Male,49.138.186.185
679,Quincy,Jouaneton,qjouanetoniu@ycombinator.com,Male,157.94.196.63
680,Vaclav,McGuigan,vmcguiganiv@chron.com,Male,238.63.232.124
681,Ennis,Scandwright,escandwrightiw@census.gov,Male,160.232.30.198
682,Goldia,Rain,grainix@globo.com,Female,41.143.185.39
683,Zechariah,Errichi,zerrichiiy@123-reg.co.uk,Male,190.156.182.215
684,Chris,Ramiro,cramiroiz@nature.com,Female,143.54.109.246
685,Octavia,Phalip,ophalipj0@last.fm,Female,151.217.182.221
686,Erek,Heasman,eheasmanj1@trellian.com,Male,82.135.113.241
687,Pattin,Sawle,psawlej2@nature.com,Male,145.150.207.47
688,Raimondo,Leadley,rleadleyj3@squidoo.com,Male,32.179.34.5
689,Bellina,Barwack,bbarwackj4@slate.com,Female,70.58.230.192
690,Cornelia,Blackleech,cblackleechj5@ifeng.com,Female,136.167.134.147
691,Esme,Jenkin,ejenkinj6@toplist.cz,Male,57.7.181.61
692,Erick,Lempel,elempelj7@biblegateway.com,Male,159.29.129.106
693,Opalina,Cutteridge,ocutteridgej8@shinystat.com,Female,119.178.65.189
694,Silvester,Cardenas,scardenasj9@facebook.com,Male,42.160.93.234
695,Valentina,O'Dea,vodeaja@goodreads.com,Female,190.168.201.100
696,Richmond,MacArte,rmacartejb@craigslist.org,Male,217.207.134.119
697,Gale,Brownhall,gbrownhalljc@mashable.com,Male,37.166.33.154
698,Garvey,Boggon,gboggonjd@topsy.com,Male,107.5.226.177
699,Normie,Gowrich,ngowrichje@google.com.au,Male,144.107.125.156
700,Ferris,Barus,fbarusjf@unesco.org,Male,216.185.175.68
701,Callean,Espine,cespinejg@blog.com,Male,229.69.198.128
702,Ring,Flewitt,rflewittjh@ft.com,Male,70.27.223.236
703,Rani,Elstone,relstoneji@cmu.edu,Female,204.175.57.58
704,Cazzie,Frewer,cfrewerjj@springer.com,Male,243.89.248.97
705,Joby,Dootson,jdootsonjk@odnoklassniki.ru,Female,51.137.181.98
706,Dianne,Joubert,djoubertjl@altervista.org,Female,85.98.73.189
707,Hettie,Moorrud,hmoorrudjm@utexas.edu,Female,132.240.119.41
708,Pierette,Mayell,pmayelljn@jugem.jp,Female,18.242.14.213
709,Rufus,MacVagh,rmacvaghjo@seesaa.net,Male,168.113.164.75
710,Issy,Stringfellow,istringfellowjp@hostgator.com,Female,125.222.179.167
711,Antons,Farreil,afarreiljq@engadget.com,Male,46.189.92.75
712,Inez,McComas,imccomasjr@bing.com,Female,234.254.122.173
713,Joshia,Keppe,jkeppejs@baidu.com,Male,89.35.194.76
714,Jermaine,Andriolli,jandriollijt@lycos.com,Male,221.117.235.36
715,Cordy,Ramme,crammeju@squidoo.com,Female,229.124.169.17
716,Garreth,Cicchinelli,gcicchinellijv@skype.com,Male,95.163.145.19
717,Garwood,Iban,gibanjw@networksolutions.com,Male,197.74.63.5
718,Barret,Apted,baptedjx@1688.com,Male,24.10.159.155
719,Eydie,Duffyn,eduffynjy@pagesperso-orange.fr,Female,101.237.70.70
720,Raimondo,Storrie,rstorriejz@about.me,Male,114.9.149.178
721,Culley,Barrick,cbarrickk0@pinterest.com,Male,133.175.75.121
722,Agnes,Begbie,abegbiek1@google.fr,Female,244.92.190.23
723,Susann,Walczak,swalczakk2@whitehouse.gov,Female,13.233.34.100
724,Caleb,Dantesia,cdantesiak3@patch.com,Male,197.131.108.250
725,Shell,Grabb,sgrabbk4@about.com,Male,90.77.82.85
726,Elden,Lunam,elunamk5@yolasite.com,Male,111.145.251.160
727,Briny,Harrod,bharrodk6@blinklist.com,Female,40.211.9.165
728,Yancy,McCorkindale,ymccorkindalek7@msu.edu,Male,229.162.211.148
729,Greggory,Bembrick,gbembrickk8@exblog.jp,Male,141.49.240.13
730,Dru,Tattersdill,dtattersdillk9@de.vu,Female,175.165.164.194
731,Artair,Foy,afoyka@dropbox.com,Male,2.42.120.145
732,Reese,Layson,rlaysonkb@reference.com,Male,214.156.253.78
733,Starr,Harman,sharmankc@technorati.com,Female,200.56.224.212
734,Prissie,Roalfe,proalfekd@desdev.cn,Female,103.167.225.132
735,Lanni,Dagger,ldaggerke@seattletimes.com,Female,65.241.235.162
736,Rodie,Yablsley,ryablsleykf@buzzfeed.com,Female,78.146.246.66
737,Deerdre,Coalbran,dcoalbrankg@sciencedirect.com,Female,13.37.52.79
738,Livvyy,Lutwidge,llutwidgekh@reference.com,Female,222.201.254.254
739,Hubey,Scard,hscardki@home.pl,Male,185.213.8.166
740,Mindy,Lukianov,mlukianovkj@toplist.cz,Female,0.71.253.145
741,Nickolai,Christmas,nchristmaskk@xing.com,Male,247.254.153.22
742,Ingrid,Brok,ibrokkl@feedburner.com,Female,16.62.82.48
743,Ryann,Biggs,rbiggskm@freewebs.com,Female,150.40.249.58
744,Chaddie,Deguara,cdeguarakn@timesonline.co.uk,Male,245.98.3.105
745,Garfield,Critchlow,gcritchlowko@hibu.com,Male,56.30.10.26
746,Orel,Trudgian,otrudgiankp@mit.edu,Female,224.100.241.44
747,Claybourne,Skittle,cskittlekq@artisteer.com,Male,191.235.133.103
748,Leeanne,Aartsen,laartsenkr@printfriendly.com,Female,195.73.198.72
749,Roseline,Arcase,rarcaseks@moonfruit.com,Female,76.135.255.155
750,Murdock,Iggo,miggokt@yale.edu,Male,91.74.250.183
751,Gard,Jurs,gjursku@springer.com,Male,72.251.219.179
752,Demott,Hollyard,dhollyardkv@slashdot.org,Male,8.232.234.222
753,Ignatius,Paszak,ipaszakkw@fotki.com,Male,186.70.58.155
754,Risa,Tewnion,rtewnionkx@cyberchimps.com,Female,178.28.155.37
755,Toni,Sprowson,tsprowsonky@geocities.com,Female,216.106.52.79
756,Berti,Gruszecki,bgruszeckikz@vinaora.com,Female,112.43.158.246
757,Giustino,Whitney,gwhitneyl0@economist.com,Male,86.6.56.115
758,Harris,Finnick,hfinnickl1@creativecommons.org,Male,249.112.217.54
759,Erik,Blasli,eblaslil2@fda.gov,Male,90.60.187.51
760,Merissa,Teare,mtearel3@cloudflare.com,Female,17.184.81.90
761,Spense,Mackett,smackettl4@printfriendly.com,Male,215.183.178.150
762,Pietro,Amoore,pamoorel5@craigslist.org,Male,213.10.32.187
763,Myrtie,Maffucci,mmaffuccil6@nih.gov,Female,112.221.19.31
764,Eddy,Hallen,ehallenl7@clickbank.net,Male,97.214.129.66
765,Clark,Shrimplin,cshrimplinl8@gizmodo.com,Male,191.137.147.103
766,Wolfgang,Pavlishchev,wpavlishchevl9@google.co.jp,Male,60.88.196.160
767,Todd,Woodger,twoodgerla@slate.com,Male,215.68.72.238
768,Berte,Messum,bmessumlb@mashable.com,Female,107.128.247.37
769,Ondrea,Curr,ocurrlc@istockphoto.com,Female,53.252.12.20
770,Randy,Alliot,ralliotld@example.com,Male,251.193.202.189
771,Malia,Jory,mjoryle@netvibes.com,Female,121.241.235.97
772,Efren,Lawlie,elawlielf@nbcnews.com,Male,127.48.19.188
773,Felisha,Lightwing,flightwinglg@princeton.edu,Female,162.50.221.132
774,Rivalee,McKennan,rmckennanlh@fastcompany.com,Female,220.241.24.153
775,Aldric,Gouldbourn,agouldbournli@vk.com,Male,115.243.187.237
776,Blondy,Yakunikov,byakunikovlj@nsw.gov.au,Female,232.163.245.10
777,Fletcher,Doy,fdoylk@unicef.org,Male,110.128.125.26
778,Gilles,Dandy,gdandyll@aol.com,Male,128.69.136.238
779,Nels,Saphir,nsaphirlm@ask.com,Male,35.41.191.1
780,Terrye,Krishtopaittis,tkrishtopaittisln@google.com,Female,56.189.134.186
781,Dillon,Risely,driselylo@desdev.cn,Male,38.105.243.15
782,Clarita,Franzotto,cfranzottolp@businessweek.com,Female,184.1.213.106
783,Chrissy,Jeanesson,cjeanessonlq@addtoany.com,Male,130.46.159.61
784,Gerda,Kirkland,gkirklandlr@cargocollective.com,Female,169.168.15.26
785,Willyt,Batter,wbatterls@gizmodo.com,Female,180.185.250.119
786,Philippine,Kristoffersson,pkristofferssonlt@disqus.com,Female,222.184.133.8
787,Mellicent,Maly,mmalylu@lycos.com,Female,230.93.156.43
788,Jordan,Berthomier,jberthomierlv@vkontakte.ru,Male,153.225.152.199
789,Benjie,Killcross,bkillcrosslw@who.int,Male,140.78.25.178
790,Lucretia,Rudwell,lrudwelllx@cdc.gov,Female,210.113.69.32
791,Gardie,Harefoot,gharefootly@prnewswire.com,Male,8.164.23.7
792,Elinor,Patroni,epatronilz@diigo.com,Female,2.225.156.66
793,Erhart,Trundell,etrundellm0@artisteer.com,Male,147.75.118.117
794,Heindrick,Capper,hcapperm1@go.com,Male,210.59.242.119
795,Otis,Chauvey,ochauveym2@linkedin.com,Male,60.69.11.177
796,Osborn,Scoles,oscolesm3@webeden.co.uk,Male,64.234.23.239
797,Tarrah,Slowgrave,tslowgravem4@mac.com,Female,229.236.46.120
798,Hesther,Suthworth,hsuthworthm5@ft.com,Female,167.155.124.97
799,Lucretia,Genge,lgengem6@si.edu,Female,154.116.130.83
800,Leonanie,Sissland,lsisslandm7@linkedin.com,Female,51.93.3.70
801,Arel,Godier,agodierm8@a8.net,Male,158.125.7.247
802,Libbey,Growy,lgrowym9@tripod.com,Female,57.36.140.243
803,Rena,Olliff,rolliffma@woothemes.com,Female,173.171.31.240
804,Maryanna,Becks,mbecksmb@furl.net,Female,124.196.51.24
805,Chelsey,Dand,cdandmc@people.com.cn,Female,81.60.247.178
806,Tatum,Seiller,tseillermd@senate.gov,Female,156.158.165.57
807,Sher,Nani,snanime@jalbum.net,Female,57.125.81.186
808,Arri,Peirson,apeirsonmf@xinhuanet.com,Male,218.13.192.28
809,Nydia,Mingauld,nmingauldmg@ow.ly,Female,42.6.238.251
810,Sheryl,Loch,slochmh@issuu.com,Female,77.1.21.231
811,Carmelita,McCluin,cmccluinmi@foxnews.com,Female,122.147.230.114
812,Giffard,Osbidston,gosbidstonmj@nih.gov,Male,167.57.177.78
813,Halimeda,Saiger,hsaigermk@example.com,Female,76.133.73.203
814,Belia,Bounde,bboundeml@blinklist.com,Female,211.152.16.25
815,Enrico,Lowdeane,elowdeanemm@auda.org.au,Male,188.87.70.65
816,Merill,Kitney,mkitneymn@mysql.com,Male,157.123.150.252
817,Berrie,Catford,bcatfordmo@rediff.com,Female,51.37.129.162
818,Dynah,Riccardini,driccardinimp@webeden.co.uk,Female,211.56.253.55
819,Bryce,Marion,bmarionmq@reuters.com,Male,2.76.81.212
820,Colline,Wise,cwisemr@chron.com,Female,240.121.251.126
821,Luciana,Gilardone,lgilardonems@pagesperso-orange.fr,Female,129.39.42.126
822,Ciel,Iliff,ciliffmt@mediafire.com,Female,5.126.108.237
823,Jesselyn,Ruzicka,jruzickamu@stumbleupon.com,Female,230.52.213.126
824,Ugo,Patton,upattonmv@tuttocitta.it,Male,82.196.101.172
825,Calvin,Graeser,cgraesermw@nsw.gov.au,Male,168.130.33.191
826,Brion,Snoxill,bsnoxillmx@icio.us,Male,116.147.54.71
827,Agnella,Petrovsky,apetrovskymy@amazon.co.uk,Female,167.197.75.237
828,Geri,Fellis,gfellismz@lycos.com,Male,145.200.36.218
829,Doralynne,Gladman,dgladmann0@ihg.com,Female,132.228.51.156
830,Glynda,Grigson,ggrigsonn1@odnoklassniki.ru,Female,123.155.220.94
831,Averill,Duckels,aduckelsn2@cafepress.com,Male,179.243.97.141
832,Sher,McRamsey,smcramseyn3@fc2.com,Female,78.89.206.246
833,Bartlett,Bramich,bbramichn4@gizmodo.com,Male,81.61.221.126
834,Jenilee,Spera,jsperan5@discuz.net,Female,183.156.195.73
835,Holden,Devericks,hdevericksn6@a8.net,Male,45.171.61.134
836,Hermie,Lickorish,hlickorishn7@wikia.com,Male,13.112.62.188
837,Willem,Durgan,wdurgann8@diigo.com,Male,55.211.152.182
838,Lefty,Colquitt,lcolquittn9@wordpress.com,Male,129.126.174.211
839,Stu,Treadway,streadwayna@prweb.com,Male,226.28.252.62
840,Constantia,Joskovitch,cjoskovitchnb@tiny.cc,Female,222.120.5.101
841,Yance,Coal,ycoalnc@google.ru,Male,140.177.47.159
842,Padraic,Parfett,pparfettnd@bbc.co.uk,Male,128.34.76.65
843,Anya,Gudd,aguddne@google.ru,Female,62.70.77.211
844,Haleigh,Minshaw,hminshawnf@mlb.com,Male,60.202.47.34
845,Cary,Bourbon,cbourbonng@xrea.com,Male,209.1.205.7
846,Cass,Northeast,cnortheastnh@csmonitor.com,Male,7.221.121.94
847,Fabe,Cumes,fcumesni@apple.com,Male,163.69.125.106
848,Bond,Sorey,bsoreynj@networkadvertising.org,Male,154.213.207.171
849,Myles,Meakin,mmeakinnk@usnews.com,Male,238.208.129.195
850,Crystal,Andrzej,candrzejnl@cam.ac.uk,Female,179.165.202.40
851,Carol-jean,McCarlie,cmccarlienm@myspace.com,Female,217.33.201.54
852,Wally,Mapstone,wmapstonenn@admin.ch,Female,9.17.167.20
853,Kori,Silverman,ksilvermanno@google.de,Female,38.200.111.138
854,Helge,Sussams,hsussamsnp@liveinternet.ru,Female,78.42.30.112
855,Christel,Coonan,ccoonannq@mapy.cz,Female,118.216.188.108
856,Leshia,Sieghart,lsieghartnr@nydailynews.com,Female,82.4.183.203
857,Gwyn,Landor,glandorns@spotify.com,Female,52.221.188.29
858,Saloma,Thornton-Dewhirst,sthorntondewhirstnt@cdbaby.com,Female,187.13.79.47
859,Kynthia,Celler,kcellernu@nature.com,Female,104.89.125.251
860,Winthrop,Anderton,wandertonnv@ucoz.com,Male,16.243.47.218
861,Thorstein,Spain-Gower,tspaingowernw@shutterfly.com,Male,117.167.146.56
862,Zabrina,Mumbey,zmumbeynx@reverbnation.com,Female,104.18.76.31
863,Deirdre,Bugdell,dbugdellny@cnet.com,Female,103.132.107.18
864,Lothario,Rainville,lrainvillenz@berkeley.edu,Male,4.226.147.139
865,Tedd,Hildrew,thildrewo0@geocities.com,Male,83.226.61.69
866,Hally,Covington,hcovingtono1@cnbc.com,Female,144.200.245.182
867,Aggy,Tilston,atilstono2@yelp.com,Female,85.131.177.245
868,Germaine,Masey,gmaseyo3@businessweek.com,Male,191.148.13.111
869,Guy,Legrice,glegriceo4@independent.co.uk,Male,77.202.90.247
870,Howie,Giddins,hgiddinso5@pbs.org,Male,221.106.248.176
871,Diannne,Armsby,darmsbyo6@zimbio.com,Female,163.19.210.79
872,Kelci,Ellsbury,kellsburyo7@feedburner.com,Female,138.115.240.158
873,Guthrie,Cluelow,gcluelowo8@tinyurl.com,Male,224.93.135.137
874,Emily,Dietsche,edietscheo9@pinterest.com,Female,163.240.156.201
875,Arlin,Casiero,acasierooa@who.int,Male,40.110.151.107
876,Michele,Comino,mcominoob@usa.gov,Male,222.28.249.49
877,Myron,Lembcke,mlembckeoc@elegantthemes.com,Male,165.126.100.97
878,Ellynn,Cannam,ecannamod@wired.com,Female,113.11.168.104
879,Kane,Comer,kcomeroe@51.la,Male,181.237.50.91
880,Skell,Keson,skesonof@google.com.br,Male,127.254.28.29
881,Kariotta,Mathou,kmathouog@canalblog.com,Female,99.192.236.81
882,Constance,MacPeice,cmacpeiceoh@linkedin.com,Female,26.55.127.10
883,Kala,Barden,kbardenoi@biblegateway.com,Female,250.58.190.58
884,Kristin,Purtell,kpurtelloj@weebly.com,Female,135.142.27.181
885,Brita,Joselin,bjoselinok@youtu.be,Female,165.203.13.134
886,Ray,Alanbrooke,ralanbrookeol@etsy.com,Male,95.97.34.87
887,Dame,Mustchin,dmustchinom@mail.ru,Male,16.190.212.217
888,Elie,Schust,eschuston@nydailynews.com,Female,52.113.166.147
889,Kele,Shernock,kshernockoo@twitpic.com,Male,32.153.82.87
890,Nanon,Kingscote,nkingscoteop@vk.com,Female,21.84.80.56
891,Durante,Caile,dcaileoq@bravesites.com,Male,178.145.4.34
892,Mace,Dillinton,mdillintonor@toplist.cz,Male,91.9.30.176
893,Iormina,Vedikhov,ivedikhovos@amazon.co.jp,Female,206.155.226.17
894,Nelly,Grizard,ngrizardot@amazon.de,Female,254.242.140.203
895,Nichol,Beggs,nbeggsou@tumblr.com,Female,58.123.102.175
896,Shina,Dutt,sduttov@yale.edu,Female,102.244.148.92
897,Lukas,Mayhew,lmayhewow@youku.com,Male,53.193.109.223
898,Hetti,Saulter,hsaulterox@toplist.cz,Female,144.213.194.175
899,Darius,Goldfinch,dgoldfinchoy@multiply.com,Male,98.14.69.106
900,Clayborne,O'Sheils,cosheilsoz@earthlink.net,Male,186.3.7.171
901,Twila,Caudelier,tcaudelierp0@archive.org,Female,120.82.151.24
902,Kermy,Whitney,kwhitneyp1@cocolog-nifty.com,Male,61.26.55.190
903,Kitti,Curnok,kcurnokp2@washington.edu,Female,155.184.68.52
904,Roseanne,Carleton,rcarletonp3@seesaa.net,Female,5.174.70.111
905,Vivia,Crozier,vcrozierp4@hatena.ne.jp,Female,221.60.135.131
906,Giorgia,Storie,gstoriep5@slideshare.net,Female,21.6.91.56
907,Reinhold,Jelphs,rjelphsp6@xing.com,Male,28.127.56.127
908,Sharla,Domelow,sdomelowp7@about.com,Female,210.127.230.123
909,Chickie,Hotson,chotsonp8@weather.com,Female,194.18.249.85
910,Fairleigh,McCawley,fmccawleyp9@blog.com,Male,225.247.11.161
911,Marie-jeanne,Arnely,marnelypa@google.it,Female,143.92.139.37
912,Ban,Coleridge,bcoleridgepb@dedecms.com,Male,2.144.99.53
913,Zachariah,Logue,zloguepc@jigsy.com,Male,29.184.241.11
914,Ransell,Guise,rguisepd@earthlink.net,Male,74.177.24.149
915,Kirk,Hallex,khallexpe@sbwire.com,Male,20.245.223.56
916,Antonella,Grimbleby,agrimblebypf@newsvine.com,Female,170.181.135.8
917,Korey,Connold,kconnoldpg@spotify.com,Male,1.88.88.63
918,Morganne,Plover,mploverph@nhs.uk,Female,28.58.120.37
919,Jsandye,Crehan,jcrehanpi@pinterest.com,Female,103.95.234.186
920,Mirelle,Lowensohn,mlowensohnpj@t-online.de,Female,137.85.74.34
921,Krispin,Drezzer,kdrezzerpk@lulu.com,Male,73.248.214.95
922,Rubina,Muddiman,rmuddimanpl@php.net,Female,223.38.188.81
923,Reine,Kippling,rkipplingpm@canalblog.com,Female,75.47.127.6
924,Julieta,Flinn,jflinnpn@msu.edu,Female,135.175.236.9
925,Cecile,Casotti,ccasottipo@china.com.cn,Female,162.86.140.230
926,Haley,Mc Elory,hmcelorypp@bbc.co.uk,Male,240.219.92.145
927,Eleanor,Trenholme,etrenholmepq@delicious.com,Female,194.210.185.210
928,Brit,Grinley,bgrinleypr@toplist.cz,Male,231.211.2.21
929,Davey,Titchen,dtitchenps@ox.ac.uk,Male,115.229.10.63
930,Haley,Nealand,hnealandpt@flickr.com,Female,68.92.92.187
931,Mendy,Steen,msteenpu@behance.net,Male,237.122.84.151
932,Natalya,Krinks,nkrinkspv@bandcamp.com,Female,162.201.70.117
933,Sarge,Rossant,srossantpw@slate.com,Male,179.209.169.127
934,Cleo,Sapson,csapsonpx@wordpress.org,Female,63.28.58.56
935,Kelcey,McMonies,kmcmoniespy@hugedomains.com,Female,28.54.24.205
936,Pren,Tawse,ptawsepz@nymag.com,Male,216.125.112.142
937,Darrick,Greder,dgrederq0@elpais.com,Male,201.82.193.111
938,Aldis,Joule,ajouleq1@un.org,Male,244.62.72.173
939,Stefa,Brandrick,sbrandrickq2@cornell.edu,Female,154.182.213.223
940,Melissa,Fenton,mfentonq3@creativecommons.org,Female,70.226.48.252
941,Madelena,Spadollini,mspadolliniq4@marketwatch.com,Female,221.117.170.203
942,Alonzo,Fierro,afierroq5@privacy.gov.au,Male,219.204.217.182
943,Iseabal,Bellee,ibelleeq6@topsy.com,Female,105.113.222.100
944,Burke,Leebetter,bleebetterq7@feedburner.com,Male,216.60.50.226
945,Daryl,Beininck,dbeininckq8@economist.com,Female,214.177.29.231
946,Betteanne,Toal,btoalq9@tiny.cc,Female,200.61.187.5
947,Leighton,Burras,lburrasqa@homestead.com,Male,235.101.229.236
948,Emmaline,Ugolini,eugoliniqb@amazonaws.com,Female,87.169.63.141
949,Kalindi,Hollingdale,khollingdaleqc@tripadvisor.com,Female,242.20.139.16
950,Myra,Pargent,mpargentqd@desdev.cn,Female,54.52.92.87
951,Jeanine,MacEnelly,jmacenellyqe@washington.edu,Female,239.151.222.237
952,Muffin,Sydes,msydesqf@hostgator.com,Male,82.44.252.148
953,Auroora,Patzelt,apatzeltqg@weather.com,Female,68.65.67.82
954,Paola,Lynd,plyndqh@gmpg.org,Female,95.64.16.81
955,Ewen,Mattke,emattkeqi@google.com,Male,76.225.212.123
956,Lindsay,Elger,lelgerqj@storify.com,Male,6.209.214.162
957,Shirline,Caudelier,scaudelierqk@admin.ch,Female,31.117.91.29
958,Maddie,Pomfret,mpomfretql@noaa.gov,Female,120.118.22.143
959,Rae,Braz,rbrazqm@census.gov,Female,192.193.64.205
960,Frederigo,Scardifeild,fscardifeildqn@sciencedaily.com,Male,120.166.146.155
961,Clementius,McCaughey,cmccaugheyqo@ameblo.jp,Male,248.185.216.25
962,Martie,Juara,mjuaraqp@cnbc.com,Female,148.99.148.171
963,Tiphanie,Gouly,tgoulyqq@netlog.com,Female,28.65.114.27
964,Brianne,Rosthorn,brosthornqr@geocities.jp,Female,81.202.14.127
965,Loutitia,Spittles,lspittlesqs@slate.com,Female,75.86.95.222
966,Blaire,Aronstam,baronstamqt@1und1.de,Female,81.221.21.20
967,Jacinthe,Gabbetis,jgabbetisqu@godaddy.com,Female,61.136.224.135
968,Currey,Sarjent,csarjentqv@surveymonkey.com,Male,143.118.229.172
969,Walker,O'Connel,woconnelqw@shareasale.com,Male,34.88.49.243
970,Emmery,Cockerham,ecockerhamqx@yahoo.com,Male,224.119.245.182
971,Trixy,Geill,tgeillqy@weibo.com,Female,166.160.73.11
972,Cosmo,Shave,cshaveqz@jimdo.com,Male,18.45.196.198
973,Celle,Clendennen,cclendennenr0@tripadvisor.com,Female,41.240.122.5
974,Adore,Goter,agoterr1@flavors.me,Female,104.142.218.45
975,Keen,Feak,kfeakr2@baidu.com,Male,111.156.179.69
976,Bree,Du Plantier,bduplantierr3@indiatimes.com,Female,6.92.131.222
977,Pincus,Aikett,paikettr4@4shared.com,Male,133.177.54.42
978,Andrea,Matashkin,amatashkinr5@dropbox.com,Female,207.244.213.212
979,Caril,Spellessy,cspellessyr6@list-manage.com,Female,220.103.180.138
980,Domingo,Lowers,dlowersr7@blogtalkradio.com,Male,71.179.212.127
981,Doralyn,Aaronsohn,daaronsohnr8@admin.ch,Female,83.246.3.7
982,Darsie,De la Eglise,ddelaegliser9@canalblog.com,Female,76.131.0.92
983,Dorella,Crawford,dcrawfordra@blinklist.com,Female,153.179.1.173
984,Rusty,Credland,rcredlandrb@aboutads.info,Male,79.123.154.201
985,Hestia,Duding,hdudingrc@weebly.com,Female,74.119.140.30
986,Bryana,Eliesco,beliescord@nifty.com,Female,119.99.163.130
987,Bryon,Keech,bkeechre@hugedomains.com,Male,232.175.10.84
988,Seamus,Wimms,swimmsrf@dailymotion.com,Male,111.67.98.64
989,Alphard,Tassaker,atassakerrg@oracle.com,Male,187.37.160.28
990,Flo,McSperrin,fmcsperrinrh@photobucket.com,Female,74.244.200.41
991,Noak,McNeilley,nmcneilleyri@1688.com,Male,218.59.9.116
992,Pavla,Thomsen,pthomsenrj@apache.org,Female,106.192.150.169
993,Tammy,Grob,tgrobrk@angelfire.com,Male,153.133.206.41
994,Amie,Haborn,ahabornrl@ucoz.com,Female,40.141.66.66
995,Conway,Weight,cweightrm@drupal.org,Male,55.39.86.55
996,Sumner,Hargreave,shargreavern@state.gov,Male,141.4.221.62
997,Guglielmo,Paulich,gpaulichro@indiegogo.com,Male,225.139.168.206
998,Waly,Barde,wbarderp@macromedia.com,Female,96.174.73.2
999,Sharl,Hintze,shintzerq@chron.com,Female,20.245.244.122
1000,Katy,Esser,kesserrr@alexa.com,Female,169.202.233.81
