id,first_name,last_name,email,gender,ip_address
1,Charissa,Brittles,cbrittles0@ustream.tv,Female,132.56.81.237
2,Keefe,Dufoure,kdufoure1@time.com,Male,245.248.37.56
3,Arlena,Corselles,acorselles2@printfriendly.com,Female,114.70.44.68
4,Sheena,Lucien,slucien3@oracle.com,Female,202.82.66.48
5,Benedikta,Korb,bkorb4@list-manage.com,Female,203.48.20.71
6,Grantley,Gwillim,ggwillim5@4shared.com,Male,64.91.154.177
7,Johny,Norwich,jnorwich6@loc.gov,Male,217.93.242.0
8,Yorgos,Fullbrook,yfullbrook7@nyu.edu,Male,128.154.204.24
9,Reena,Odhams,rodhams8@netscape.com,Female,187.48.69.239
10,Lissie,Disman,ldisman9@hibu.com,Female,240.138.97.250
11,Clovis,Halleybone,challeybonea@moonfruit.com,Female,244.237.221.253
12,Waylon,Featherstonehaugh,wfeatherstonehaughb@xing.com,Male,143.46.102.74
13,Rheta,Jewks,rjewksc@jalbum.net,Female,136.93.6.166
14,Francyne,McCluin,fmccluind@dyndns.org,Female,162.20.162.107
15,Ilka,Bielfelt,ibielfelte@reference.com,Female,71.128.49.232
16,Kermie,Bierton,kbiertonf@bbb.org,Male,143.8.114.199
17,Sanford,Skirlin,sskirling@hatena.ne.jp,Male,108.164.73.226
18,Danielle,Adlam,dadlamh@theguardian.com,Female,83.210.42.34
19,Ruthe,Brunn,rbrunni@usa.gov,Female,145.226.240.248
20,Gery,Tolumello,gtolumelloj@moonfruit.com,Male,100.181.104.90
21,Norbie,Metheringham,nmetheringhamk@deviantart.com,Male,110.159.28.96
22,Iolande,Broom,ibrooml@woothemes.com,Female,208.118.37.73
23,Jere,Ladell,jladellm@harvard.edu,Male,135.127.221.178
24,Brody,Baumert,bbaumertn@wordpress.com,Male,166.190.52.198
25,Ameline,Killoran,akillorano@cam.ac.uk,Female,24.147.157.149
26,Celene,Sieur,csieurp@technorati.com,Female,34.147.131.17
27,Stanislaw,Gartan,sgartanq@netlog.com,Male,77.138.195.55
28,Prue,Romayne,promayner@squidoo.com,Female,144.63.91.202
29,Correy,Amdohr,camdohrs@networksolutions.com,Male,249.220.129.192
30,Anastassia,Bantock,abantockt@mayoclinic.com,Female,23.9.160.115
31,Johannah,Sutherington,jsutheringtonu@soup.io,Female,237.119.153.21
32,Edmund,Platt,eplattv@tuttocitta.it,Male,192.68.12.142
33,Arlan,Haslegrave,ahaslegravew@sfgate.com,Male,56.142.197.50
34,Read,Makiver,rmakiverx@1688.com,Male,177.94.217.49
35,Fiorenze,Grouse,fgrousey@instagram.com,Female,146.84.111.108
36,Stanly,Kibel,skibelz@skyrock.com,Male,6.105.93.101
37,Arty,Reoch,areoch10@infoseek.co.jp,Male,78.158.52.99
38,Moselle,Croix,mcroix11@bloglovin.com,Female,181.11.217.131
39,Eda,Millar,emillar12@squarespace.com,Female,60.182.83.58
40,Jemmy,Ferencowicz,jferencowicz13@ft.com,Female,108.196.99.106
41,Karlee,Devennie,kdevennie14@cocolog-nifty.com,Female,120.37.31.233
42,Willard,Benois,wbenois15@mit.edu,Male,30.154.43.251
43,Linn,Lack,llack16@answers.com,Male,10.241.148.169
44,Burton,Kinchin,bkinchin17@oakley.com,Male,237.212.250.1
45,Kelli,Derrington,kderrington18@ftc.gov,Female,167.195.111.254
46,Glynn,Wisbey,gwisbey19@narod.ru,Male,114.109.65.142
47,Dahlia,Waistell,dwaistell1a@tinypic.com,Female,134.231.151.193
48,Pen,Kilfeather,pkilfeather1b@adobe.com,Male,118.62.140.80
49,Bentlee,Kohrt,bkohrt1c@squarespace.com,Male,249.34.113.139
50,Rod,Dooly,rdooly1d@economist.com,Male,174.100.91.193
51,Stirling,Caulder,scaulder1e@linkedin.com,Male,73.64.112.44
52,Merrilee,Izzatt,mizzatt1f@hp.com,Female,204.57.64.234
53,Avie,Maud,amaud1g@tumblr.com,Female,188.61.232.141
54,Bessie,Servante,bservante1h@naver.com,Female,135.139.208.74
55,Erskine,Dudny,edudny1i@sohu.com,Male,96.114.236.222
56,Nehemiah,Mountlow,nmountlow1j@huffingtonpost.com,Male,162.12.246.166
57,Rabi,Hedworth,rhedworth1k@mozilla.com,Male,49.149.201.246
58,Paola,Cominotti,pcominotti1l@oaic.gov.au,Female,105.150.74.115
59,Almire,Braunton,abraunton1m@ow.ly,Female,17.143.249.207
60,Gabbi,Watson-Brown,gwatsonbrown1n@photobucket.com,Female,4.1.51.12
61,Witty,Boeck,wboeck1o@goo.ne.jp,Male,119.45.64.161
62,Bess,Belsham,bbelsham1p@nytimes.com,Female,255.127.160.69
63,Dru,Tudbald,dtudbald1q@ft.com,Female,243.33.161.109
64,Danette,Blaksley,dblaksley1r@cisco.com,Female,219.26.98.107
65,Osbert,Caps,ocaps1s@ucsd.edu,Male,221.72.218.63
66,Riannon,Brayn,rbrayn1t@bloglines.com,Female,107.54.95.143
67,Alick,Jolliss,ajolliss1u@comsenz.com,Male,74.83.36.20
68,Bunnie,Budnik,bbudnik1v@elpais.com,Female,119.153.204.30
69,Sherline,Vertigan,svertigan1w@wix.com,Female,53.253.8.4
70,Diandra,Jerzak,djerzak1x@mozilla.com,Female,202.123.203.133
71,Albert,Toth,atoth1y@imageshack.us,Male,220.248.100.64
72,Portia,Yannoni,pyannoni1z@so-net.ne.jp,Female,209.170.101.213
73,Maegan,Bartolic,mbartolic20@biblegateway.com,Female,48.225.184.92
74,Karoly,Kamena,kkamena21@clickbank.net,Male,190.190.160.141
75,Tyrus,Broxap,tbroxap22@bizjournals.com,Male,156.40.40.183
76,Keefer,Barneveld,kbarneveld23@edublogs.org,Male,16.113.42.202
77,Kelcie,Esel,kesel24@cam.ac.uk,Female,135.55.82.83
78,Lorrie,Dwane,ldwane25@google.es,Male,253.7.209.63
79,Cherin,Degoix,cdegoix26@flavors.me,Female,246.213.6.140
80,Tallou,Yoodall,tyoodall27@businessinsider.com,Female,235.6.87.212
81,Sansone,Pesterfield,spesterfield28@multiply.com,Male,198.231.212.245
82,Georg,Chatfield,gchatfield29@hc360.com,Male,59.134.109.138
83,Bentley,Schrader,bschrader2a@cloudflare.com,Male,170.195.155.47
84,Jaimie,D'Almeida,jdalmeida2b@merriam-webster.com,Female,223.186.23.48
85,Trever,Stentiford,tstentiford2c@tripod.com,Male,118.204.1.208
86,Benedict,Kier,bkier2d@tamu.edu,Male,179.56.93.19
87,Halsey,Eliet,heliet2e@diigo.com,Male,94.65.132.176
88,Kelwin,Berney,kberney2f@odnoklassniki.ru,Male,138.22.244.21
89,Kris,Redihalgh,kredihalgh2g@soup.io,Male,24.225.246.114
90,Arleta,Melby,amelby2h@privacy.gov.au,Female,180.97.41.64
91,Nicky,Omrod,nomrod2i@networkadvertising.org,Male,112.225.1.229
92,Peyter,Harrowsmith,pharrowsmith2j@imdb.com,Male,60.205.65.184
93,Russell,Sidle,rsidle2k@google.co.uk,Male,118.55.199.228
94,Regan,Little,rlittle2l@dion.ne.jp,Female,215.248.1.85
95,Antonia,Buttwell,abuttwell2m@google.de,Female,211.142.182.210
96,Quinn,Colbertson,qcolbertson2n@xrea.com,Male,130.71.77.92
97,Kayle,Broomhead,kbroomhead2o@deviantart.com,Female,236.115.232.158
98,Cirillo,Grigoliis,cgrigoliis2p@bandcamp.com,Male,181.116.9.90
99,Izzy,Gartell,igartell2q@vkontakte.ru,Male,117.144.28.238
100,Mort,Underdown,munderdown2r@dagondesign.com,Male,194.61.83.91
101,Davis,Capun,dcapun2s@japanpost.jp,Male,109.159.132.122
102,Carlos,Blaine,cblaine2t@icio.us,Male,210.117.0.84
103,Cherrita,Bartkiewicz,cbartkiewicz2u@wired.com,Female,170.62.237.185
104,Almeda,Ponten,aponten2v@upenn.edu,Female,158.46.219.30
105,Marley,Gillebride,mgillebride2w@prnewswire.com,Female,231.206.47.57
106,Chelsey,Everley,ceverley2x@hhs.gov,Female,118.40.111.83
107,August,Furmagier,afurmagier2y@answers.com,Male,76.3.33.138
108,Mikel,Ortelt,mortelt2z@blogspot.com,Male,53.235.99.192
109,Toddy,Evison,tevison30@hud.gov,Male,36.167.199.188
110,Elijah,Atterbury,eatterbury31@cmu.edu,Male,132.31.172.161
111,Brody,Wynrehame,bwynrehame32@altervista.org,Male,181.189.173.4
112,Cinnamon,Gurnay,cgurnay33@webeden.co.uk,Female,181.227.23.161
113,Farrand,Mosconi,fmosconi34@chron.com,Female,43.23.145.229
114,Bil,Klossek,bklossek35@cam.ac.uk,Male,103.103.111.116
115,Cornie,Malmar,cmalmar36@npr.org,Female,44.248.63.12
116,Henri,Stuckley,hstuckley37@yolasite.com,Male,44.173.67.70
117,Seline,Kesley,skesley38@walmart.com,Female,245.196.220.45
118,Layney,Gotecliffe,lgotecliffe39@wikia.com,Female,144.245.10.60
119,Tabitha,Milton-White,tmiltonwhite3a@redcross.org,Female,253.242.132.41
120,Cirillo,Dobeson,cdobeson3b@canalblog.com,Male,215.169.219.90
121,Temp,Preedy,tpreedy3c@yellowbook.com,Male,74.149.82.86
122,Jedd,Subhan,jsubhan3d@mlb.com,Male,111.97.69.190
123,Timothy,Bonin,tbonin3e@1und1.de,Male,99.197.242.97
124,Luke,Wildsmith,lwildsmith3f@seesaa.net,Male,217.234.33.215
125,Daune,Menico,dmenico3g@umich.edu,Female,45.174.170.254
126,Prentice,Gill,pgill3h@edublogs.org,Male,169.23.98.123
127,Bealle,Paoletto,bpaoletto3i@engadget.com,Male,20.29.3.28
128,Aylmar,Barkaway,abarkaway3j@gizmodo.com,Male,210.247.225.35
129,Rolfe,Barnewall,rbarnewall3k@sogou.com,Male,70.53.150.232
130,Gilbertina,Poley,gpoley3l@youku.com,Female,72.119.94.238
131,Rozanne,Atlay,ratlay3m@ifeng.com,Female,173.93.72.29
132,Frankie,Crowd,fcrowd3n@bluehost.com,Male,202.174.52.49
133,Charity,Cardinale,ccardinale3o@umich.edu,Female,222.90.115.18
134,Arri,Frisby,afrisby3p@imgur.com,Male,180.218.234.246
135,Jacintha,Parkman,jparkman3q@google.com.au,Female,39.115.215.196
136,Venita,Wolvey,vwolvey3r@netvibes.com,Female,222.228.161.192
137,Ban,Hutchin,bhutchin3s@marriott.com,Male,19.68.229.206
138,Fernande,Impey,fimpey3t@tuttocitta.it,Female,199.31.8.219
139,Buckie,Fickling,bfickling3u@google.co.jp,Male,90.17.27.49
140,Leandra,Brayshaw,lbrayshaw3v@newyorker.com,Female,242.86.20.135
141,Dulcy,Halle,dhalle3w@sohu.com,Female,8.104.140.136
142,Hatty,Jaqueme,hjaqueme3x@rambler.ru,Female,211.198.10.35
143,Pacorro,Jeyness,pjeyness3y@upenn.edu,Male,231.166.20.195
144,Clay,Bohlmann,cbohlmann3z@joomla.org,Male,189.36.45.246
145,Henrieta,Tatlock,htatlock40@trellian.com,Female,184.246.63.45
146,Aloysia,Costellow,acostellow41@nhs.uk,Female,22.114.155.96
147,Garrot,Bruckshaw,gbruckshaw42@plala.or.jp,Male,62.84.46.142
148,Oswald,Christaeas,ochristaeas43@alibaba.com,Male,54.146.89.25
149,Peggi,Cloney,pcloney44@pcworld.com,Female,9.91.208.210
150,Norry,Tallow,ntallow45@disqus.com,Female,25.248.70.186
151,Welsh,Northidge,wnorthidge46@i2i.jp,Male,70.156.59.156
152,Keenan,Coldbreath,kcoldbreath47@ifeng.com,Male,64.208.118.2
153,Mozelle,O' Hern,mohern48@360.cn,Female,190.141.147.181
154,Marilee,Escalera,mescalera49@nih.gov,Female,46.152.113.198
155,Fleur,Gorriessen,fgorriessen4a@jigsy.com,Female,150.220.124.1
156,Rolland,Dohmer,rdohmer4b@cloudflare.com,Male,226.72.120.29
157,Maryanna,Shaughnessy,mshaughnessy4c@disqus.com,Female,142.101.234.240
158,Maison,Cumberland,mcumberland4d@seesaa.net,Male,154.184.56.188
159,Jecho,Walkden,jwalkden4e@blogs.com,Male,204.220.238.165
160,Jaquelin,Vickerstaff,jvickerstaff4f@skype.com,Female,64.44.154.97
161,Dulcea,Sellstrom,dsellstrom4g@disqus.com,Female,104.169.104.9
162,Lutero,Laydon,llaydon4h@ucla.edu,Male,26.238.34.2
163,Kippar,Ledrun,kledrun4i@google.co.jp,Male,251.145.109.179
164,Oberon,Peele,opeele4j@cmu.edu,Male,139.189.51.189
165,Sarette,Deverson,sdeverson4k@google.it,Female,255.87.71.164
166,Sapphire,Sambrok,ssambrok4l@hugedomains.com,Female,70.233.11.6
167,Benedetto,Larkins,blarkins4m@bandcamp.com,Male,110.187.70.84
168,Conn,Milverton,cmilverton4n@japanpost.jp,Male,3.70.25.131
169,Christy,Torfin,ctorfin4o@va.gov,Female,83.56.172.185
170,Bellanca,MacFadzean,bmacfadzean4p@godaddy.com,Female,250.165.37.216
171,Virge,Adshad,vadshad4q@shop-pro.jp,Male,53.64.220.130
172,Brigid,Philippson,bphilippson4r@google.nl,Female,187.107.185.186
173,Thorin,Norsworthy,tnorsworthy4s@aol.com,Male,201.135.104.247
174,Harry,Maskell,hmaskell4t@etsy.com,Male,42.171.64.142
175,Fee,Sibbit,fsibbit4u@mysql.com,Male,94.211.82.58
176,Mercie,Carhart,mcarhart4v@alibaba.com,Female,64.25.143.75
177,Carol-jean,Pinchbeck,cpinchbeck4w@weibo.com,Female,57.120.204.87
178,Ambrose,Jacks,ajacks4x@webeden.co.uk,Male,226.68.188.228
179,Verla,Barkley,vbarkley4y@uol.com.br,Female,56.103.32.233
180,Marshall,Gavey,mgavey4z@irs.gov,Male,169.95.223.137
181,Lesya,Frain,lfrain50@nhs.uk,Female,197.56.165.48
182,Tades,Lowre,tlowre51@loc.gov,Male,104.43.133.62
183,Tyne,Kerr,tkerr52@studiopress.com,Female,84.133.222.98
184,Waly,Zanardii,wzanardii53@businesswire.com,Female,59.190.170.186
185,Rhett,Gurko,rgurko54@meetup.com,Male,45.99.67.49
186,Bourke,Petegre,bpetegre55@usa.gov,Male,129.121.33.188
187,Vittoria,Pagett,vpagett56@sohu.com,Female,212.148.42.137
188,Ondrea,Broinlich,obroinlich57@imageshack.us,Female,174.160.46.62
189,Cookie,Yakob,cyakob58@wikipedia.org,Female,156.89.253.95
190,Roma,Quinlan,rquinlan59@irs.gov,Male,155.188.65.183
191,Christophorus,Middlewick,cmiddlewick5a@scientificamerican.com,Male,17.133.225.64
192,Jeramie,Samworth,jsamworth5b@toplist.cz,Male,149.76.195.43
193,Gael,Ruddiman,gruddiman5c@salon.com,Female,40.157.126.104
194,Yurik,Muddimer,ymuddimer5d@barnesandnoble.com,Male,105.176.29.65
195,Lucien,Hofer,lhofer5e@hp.com,Male,254.86.225.241
196,Rab,Bergin,rbergin5f@deviantart.com,Male,12.10.134.148
197,Josephine,Beeho,jbeeho5g@epa.gov,Female,194.181.142.37
198,Othilia,Durdle,odurdle5h@sciencedaily.com,Female,113.90.74.22
199,Ferdinanda,Tendahl,ftendahl5i@dell.com,Female,183.120.49.211
200,Octavius,Ayres,oayres5j@naver.com,Male,153.54.105.130
201,Hewet,Allender,hallender5k@homestead.com,Male,37.77.110.143
202,Simone,Benne,sbenne5l@linkedin.com,Female,244.153.112.164
203,Cherilyn,Bergeon,cbergeon5m@time.com,Female,2.161.182.127
204,Sasha,Wethey,swethey5n@sohu.com,Male,192.46.28.81
205,Pincus,Quirke,pquirke5o@etsy.com,Male,172.224.175.151
206,Breanne,Verbeek,bverbeek5p@globo.com,Female,40.92.166.13
207,Ase,Foxcroft,afoxcroft5q@goo.gl,Male,107.120.197.103
208,Cherri,Gauford,cgauford5r@berkeley.edu,Female,39.214.85.120
209,Gene,Clabburn,gclabburn5s@github.io,Female,206.53.175.128
210,Appolonia,Astbury,aastbury5t@over-blog.com,Female,122.231.209.107
211,Rubetta,Haseman,rhaseman5u@imageshack.us,Female,239.131.197.205
212,Ephraim,Burne,eburne5v@soup.io,Male,250.95.152.245
213,Ignazio,Nern,inern5w@symantec.com,Male,127.0.146.221
214,Atlante,Tooze,atooze5x@phpbb.com,Female,119.182.182.228
215,Swen,Springett,sspringett5y@arizona.edu,Male,61.60.179.165
216,Caitrin,Ponceford,cponceford5z@themeforest.net,Female,104.72.136.39
217,Sibyl,Moncarr,smoncarr60@senate.gov,Male,29.38.188.65
218,Aloysius,Kunert,akunert61@mashable.com,Male,66.206.93.5
219,Worthington,Hinchon,whinchon62@mediafire.com,Male,200.135.141.252
220,Harriot,Strippel,hstrippel63@biglobe.ne.jp,Female,5.23.122.138
221,Honoria,Henkens,hhenkens64@naver.com,Female,200.254.247.66
222,Konrad,Durdle,kdurdle65@smugmug.com,Male,245.18.46.221
223,Roi,Gethyn,rgethyn66@ovh.net,Male,225.177.210.167
224,Angelico,Seneschal,aseneschal67@wisc.edu,Male,185.228.138.8
225,Ashil,Ivankin,aivankin68@globo.com,Female,175.188.4.68
226,Conrade,Kepling,ckepling69@thetimes.co.uk,Male,195.2.176.248
227,Roderigo,Costar,rcostar6a@trellian.com,Male,142.51.154.49
228,Garek,Lurcock,glurcock6b@telegraph.co.uk,Male,137.182.109.166
229,Tiebold,Maase,tmaase6c@issuu.com,Male,7.220.81.75
230,Brittney,Farmery,bfarmery6d@ustream.tv,Female,146.120.176.183
231,Giffy,Huggin,ghuggin6e@com.com,Male,134.146.163.176
232,Felice,Moran,fmoran6f@dedecms.com,Female,52.54.62.60
233,Kata,McCague,kmccague6g@usa.gov,Female,89.122.166.145
234,Jock,Brenton,jbrenton6h@cisco.com,Male,227.10.220.169
235,Gearalt,Colles,gcolles6i@bigcartel.com,Male,64.219.3.225
236,Page,McNair,pmcnair6j@ucsd.edu,Male,197.37.20.164
237,Tore,Morphew,tmorphew6k@amazon.co.uk,Male,52.197.197.220
238,Jonell,Cochet,jcochet6l@alibaba.com,Female,120.208.6.128
239,Gerrie,Whiteside,gwhiteside6m@tinyurl.com,Male,2.120.230.92
240,Elston,Cummins,ecummins6n@sitemeter.com,Male,226.130.9.206
241,Jacob,Haselden,jhaselden6o@marriott.com,Male,148.243.0.201
242,Hillary,Albutt,halbutt6p@wunderground.com,Male,48.49.227.239
243,Merrill,Llywarch,mllywarch6q@tamu.edu,Female,63.198.215.105
244,Blondie,Rival,brival6r@dell.com,Female,6.98.89.97
245,Philip,Dibling,pdibling6s@biblegateway.com,Male,239.25.57.119
246,Abagail,Yitzhak,ayitzhak6t@msu.edu,Female,179.247.16.67
247,Bendix,O'Kielt,bokielt6u@bing.com,Male,172.254.233.2
248,Agretha,Pretious,apretious6v@exblog.jp,Female,231.47.60.97
249,Bellina,Gilford,bgilford6w@dailymotion.com,Female,37.56.48.245
250,Caitrin,Sallery,csallery6x@vistaprint.com,Female,14.64.108.97
251,Luci,Sallnow,lsallnow6y@paypal.com,Female,131.183.226.229
252,Sascha,Filippov,sfilippov6z@google.de,Male,23.117.214.223
253,Eamon,Oris,eoris70@tinypic.com,Male,190.238.12.177
254,Penelope,Causon,pcauson71@whitehouse.gov,Female,131.169.105.108
255,Ardys,Fuggles,afuggles72@wordpress.com,Female,40.70.253.174
256,Janina,Kitchinham,jkitchinham73@cbc.ca,Female,78.46.131.240
257,Elisabetta,Aizikovitch,eaizikovitch74@soup.io,Female,36.123.249.227
258,Earle,Laurenz,elaurenz75@naver.com,Male,117.97.200.243
259,Daren,Satterly,dsatterly76@accuweather.com,Male,174.117.71.196
260,Pattie,Daughtrey,pdaughtrey77@nationalgeographic.com,Male,13.6.225.75
261,Delcine,Osbourne,dosbourne78@earthlink.net,Female,117.88.156.77
262,Eleen,Halfacree,ehalfacree79@edublogs.org,Female,201.191.155.80
263,Earl,Haysom,ehaysom7a@alibaba.com,Male,175.125.51.57
264,Denni,Correa,dcorrea7b@si.edu,Female,103.118.46.101
265,Manny,Tison,mtison7c@paypal.com,Male,126.189.150.197
266,Sawyere,Grossman,sgrossman7d@geocities.com,Male,230.117.196.1
267,Tawsha,Butner,tbutner7e@slashdot.org,Female,168.203.131.82
268,Auberta,Gookey,agookey7f@unicef.org,Female,142.209.240.15
269,Rupert,Hallmark,rhallmark7g@samsung.com,Male,176.19.91.96
270,Kathy,Ambrogioli,kambrogioli7h@cbslocal.com,Female,158.175.249.127
271,Royce,Sivill,rsivill7i@mediafire.com,Male,208.245.70.123
272,Grenville,Cobbledick,gcobbledick7j@huffingtonpost.com,Male,103.223.7.231
273,Lark,Hiddersley,lhiddersley7k@goo.ne.jp,Female,45.81.50.228
274,Britni,Dimitru,bdimitru7l@patch.com,Female,118.58.188.11
275,Kimbra,Clines,kclines7m@redcross.org,Female,243.49.41.211
276,Milly,Pellamont,mpellamont7n@uol.com.br,Female,148.42.148.246
277,Lanae,Iacobini,liacobini7o@imdb.com,Female,112.149.212.96
278,Antonie,Patzelt,apatzelt7p@dropbox.com,Female,50.14.205.67
279,Arri,Scarborough,ascarborough7q@yellowbook.com,Male,220.89.76.13
280,Becki,Playfair,bplayfair7r@tiny.cc,Female,143.249.53.150
281,Vonni,Copping,vcopping7s@cam.ac.uk,Female,50.137.247.67
282,Gilligan,Ogilvie,gogilvie7t@sfgate.com,Female,69.205.96.215
283,Celene,Steeden,csteeden7u@bloglines.com,Female,25.163.74.138
284,Lynea,Dickerson,ldickerson7v@skyrock.com,Female,34.34.154.43
285,Candy,Sackett,csackett7w@wikispaces.com,Female,101.247.28.237
286,Garwin,Chiles,gchiles7x@dell.com,Male,33.138.18.163
287,Estevan,Rozec,erozec7y@wordpress.org,Male,191.211.255.239
288,Amata,Bartolomucci,abartolomucci7z@youku.com,Female,43.139.244.53
289,Arlina,Asee,aasee80@fema.gov,Female,85.233.198.141
290,Estevan,Cona,econa81@google.it,Male,105.161.164.133
291,Ulberto,Shinn,ushinn82@com.com,Male,79.151.184.99
292,Jarid,Somerset,jsomerset83@ftc.gov,Male,212.211.155.172
293,Port,Stormouth,pstormouth84@indiegogo.com,Male,0.134.111.149
294,Kellen,Stelli,kstelli85@mtv.com,Male,211.206.212.13
295,Richard,Berisford,rberisford86@phoca.cz,Male,161.25.224.70
296,Maye,O'Hartnett,mohartnett87@mapquest.com,Female,104.195.212.131
297,Jobye,McMichael,jmcmichael88@naver.com,Female,246.34.137.119
298,Marielle,Reading,mreading89@surveymonkey.com,Female,196.15.15.203
299,Lissi,Suttie,lsuttie8a@tumblr.com,Female,178.157.52.60
300,Beauregard,Porrett,bporrett8b@drupal.org,Male,220.97.253.190
301,Sharlene,Picott,spicott8c@webmd.com,Female,220.65.73.163
302,Christos,Haverson,chaverson8d@fotki.com,Male,248.85.78.190
303,Abie,Stilling,astilling8e@tinypic.com,Male,242.168.202.185
304,Tarra,Gulland,tgulland8f@shinystat.com,Female,43.168.217.101
305,Angelico,Manuello,amanuello8g@hp.com,Male,90.202.175.78
306,Jemie,Pohls,jpohls8h@google.com.hk,Female,227.83.216.6
307,Carmella,Zmitruk,czmitruk8i@redcross.org,Female,46.221.42.116
308,Dorene,Veighey,dveighey8j@dell.com,Female,142.95.216.139
309,Harmon,Flower,hflower8k@about.me,Male,140.81.53.135
310,Carley,Pumphrey,cpumphrey8l@lulu.com,Female,172.214.101.192
311,Nanny,Begley,nbegley8m@booking.com,Female,39.71.98.208
312,Lenci,Baddeley,lbaddeley8n@scribd.com,Male,192.53.253.193
313,Raeann,Westhofer,rwesthofer8o@wired.com,Female,104.117.209.37
314,Corrine,Scougal,cscougal8p@reference.com,Female,233.152.200.199
315,Ruperto,Lacheze,rlacheze8q@bloomberg.com,Male,26.44.93.90
316,Naoma,Crennan,ncrennan8r@taobao.com,Female,78.3.216.121
317,Mahala,Nelm,mnelm8s@fastcompany.com,Female,38.54.65.144
318,Vernor,Legen,vlegen8t@yale.edu,Male,64.31.115.6
319,Darnell,Gilder,dgilder8u@ted.com,Male,119.59.190.229
320,Merrick,Wankel,mwankel8v@purevolume.com,Male,90.239.89.42
321,Ralina,Fright,rfright8w@bigcartel.com,Female,1.7.66.156
322,Lotta,Tacon,ltacon8x@weibo.com,Female,97.64.231.37
323,Mary,Costell,mcostell8y@gmpg.org,Female,246.41.16.143
324,Taite,Stranahan,tstranahan8z@drupal.org,Male,76.188.136.115
325,Herschel,Demcak,hdemcak90@opensource.org,Male,83.196.80.238
326,Pattin,Bruyns,pbruyns91@fc2.com,Male,224.145.241.247
327,Tisha,Kigelman,tkigelman92@gov.uk,Female,39.217.138.203
328,Rich,Boylan,rboylan93@pen.io,Male,88.89.238.242
329,Rudolf,Renish,rrenish94@un.org,Male,186.96.119.34
330,Cele,Petrovic,cpetrovic95@time.com,Female,9.56.188.50
331,Lek,De Dantesie,ldedantesie96@wufoo.com,Male,27.2.108.19
332,Conn,Mastrantone,cmastrantone97@abc.net.au,Male,29.234.36.138
333,Flemming,Austen,fausten98@mozilla.com,Male,122.144.8.179
334,Willi,Dopson,wdopson99@vkontakte.ru,Male,224.169.78.141
335,Bard,Sweetman,bsweetman9a@webmd.com,Male,181.56.177.62
336,Raleigh,Lammers,rlammers9b@mysql.com,Male,31.186.117.140
337,Kerianne,Coldtart,kcoldtart9c@shop-pro.jp,Female,135.215.255.127
338,Walliw,Gruby,wgruby9d@opera.com,Female,184.126.102.187
339,Hamlin,Gillyett,hgillyett9e@cbc.ca,Male,221.168.122.254
340,Janka,Summerley,jsummerley9f@hc360.com,Female,122.10.63.111
341,Thorny,Roubert,troubert9g@hp.com,Male,231.155.101.106
342,Donni,Lesper,dlesper9h@unblog.fr,Female,253.102.124.40
343,Raynard,Higgen,rhiggen9i@arizona.edu,Male,81.184.88.122
344,Benoite,Friend,bfriend9j@i2i.jp,Female,208.241.247.156
345,Mirabella,Stilly,mstilly9k@usa.gov,Female,78.94.58.148
346,Audy,Huet,ahuet9l@e-recht24.de,Female,5.58.78.246
347,Orelle,Shearston,oshearston9m@shutterfly.com,Female,183.3.89.106
348,Cross,Emeney,cemeney9n@webmd.com,Male,11.239.6.249
349,Kerrie,Minster,kminster9o@dropbox.com,Female,4.206.64.175
350,Lynett,Stuer,lstuer9p@globo.com,Female,67.233.64.111
351,Mitchell,Woodson,mwoodson9q@meetup.com,Male,100.202.159.22
352,Evered,Dumini,edumini9r@wikia.com,Male,129.52.124.251
353,Jermain,Cromb,jcromb9s@livejournal.com,Male,24.211.110.165
354,Cooper,Joseph,cjoseph9t@redcross.org,Male,9.120.82.43
355,Frederich,Weldrick,fweldrick9u@abc.net.au,Male,26.50.193.93
356,Shalna,Cahalan,scahalan9v@cnet.com,Female,209.255.159.244
357,Auroora,Naish,anaish9w@gmpg.org,Female,122.92.105.74
358,Lorinda,Swire,lswire9x@bloomberg.com,Female,224.78.56.37
359,Woodman,Bernhardsson,wbernhardsson9y@state.tx.us,Male,38.127.123.141
360,Devlin,Early,dearly9z@paginegialle.it,Male,254.143.63.153
361,Jo ann,Tredgold,jtredgolda0@jigsy.com,Female,157.16.220.55
362,Morie,Blasli,mblaslia1@edublogs.org,Male,117.162.115.40
363,Arri,Elleray,aelleraya2@theatlantic.com,Male,189.1.84.200
364,Harriott,Elstow,helstowa3@ifeng.com,Female,226.121.121.47
365,Dorey,Bruggeman,dbruggemana4@china.com.cn,Female,242.11.254.217
366,Erny,Measey,emeaseya5@craigslist.org,Male,121.231.224.26
367,Rad,Leafe,rleafea6@cloudflare.com,Male,245.14.63.141
368,Irene,Rudeyeard,irudeyearda7@geocities.jp,Female,206.76.183.166
369,Laryssa,Shrawley,lshrawleya8@stanford.edu,Female,253.146.236.129
370,Willa,Bingley,wbingleya9@mapy.cz,Female,206.56.157.81
371,Jany,Bousquet,jbousquetaa@columbia.edu,Female,168.243.172.90
372,Grant,Gaskill,ggaskillab@techcrunch.com,Male,22.155.23.5
373,Hillard,Thomasset,hthomassetac@edublogs.org,Male,222.20.114.220
374,Britt,Simak,bsimakad@google.it,Female,176.75.166.91
375,Fiorenze,Eshmade,feshmadeae@opera.com,Female,156.186.104.46
376,Peggie,Menilove,pmeniloveaf@freewebs.com,Female,234.168.118.40
377,Gussie,Gouge,ggougeag@dedecms.com,Female,168.179.170.178
378,Olympie,Vido,ovidoah@yellowpages.com,Female,68.93.20.26
379,Sonny,Jahnke,sjahnkeai@networkadvertising.org,Male,117.121.139.27
380,Arly,Grunson,agrunsonaj@woothemes.com,Female,100.137.226.105
381,Elvis,Tafani,etafaniak@i2i.jp,Male,150.229.135.174
382,Alejandra,Crutchley,acrutchleyal@bbc.co.uk,Female,247.219.138.20
383,Ferguson,Bowdery,fbowderyam@discuz.net,Male,98.133.94.104
384,Alford,D'Alwis,adalwisan@epa.gov,Male,239.102.43.74
385,Kora,Tripett,ktripettao@over-blog.com,Female,70.121.242.81
386,Bobbye,Greatbank,bgreatbankap@jiathis.com,Female,115.235.127.183
387,Carolina,Battell,cbattellaq@mlb.com,Female,204.234.165.1
388,Rorke,Eplett,replettar@harvard.edu,Male,186.246.209.65
389,Edithe,Moorrud,emoorrudas@nba.com,Female,126.87.75.225
390,Rafferty,Sirr,rsirrat@bravesites.com,Male,98.75.224.159
391,Lucias,Ornillos,lornillosau@yellowpages.com,Male,212.120.22.185
392,Dannel,Snape,dsnapeav@abc.net.au,Male,19.2.98.90
393,Gayla,Markwell,gmarkwellaw@theatlantic.com,Female,97.151.237.123
394,Thomas,Spark,tsparkax@nationalgeographic.com,Male,190.28.32.64
395,Mace,McSherry,mmcsherryay@cbsnews.com,Male,191.73.41.249
396,Sky,Tomasian,stomasianaz@domainmarket.com,Male,212.10.253.242
397,Suzanne,Gogan,sgoganb0@example.com,Female,65.136.226.56
398,Danyelle,Raithmill,draithmillb1@miibeian.gov.cn,Female,200.68.104.78
399,Glynn,Peaden,gpeadenb2@skyrock.com,Male,83.209.223.219
400,Flor,Attoc,fattocb3@home.pl,Female,80.238.27.175
401,Jermaine,Parkyns,jparkynsb4@loc.gov,Male,95.178.114.195
402,Cash,Aldiss,caldissb5@csmonitor.com,Male,139.16.11.28
403,Marion,Davidoff,mdavidoffb6@sphinn.com,Male,138.77.224.255
404,Kingsley,Cathie,kcathieb7@toplist.cz,Male,216.229.96.101
405,Ivette,Huey,ihueyb8@cdc.gov,Female,72.120.74.205
406,Allissa,Akitt,aakittb9@alibaba.com,Female,218.102.88.50
407,Hilly,Gain,hgainba@yandex.ru,Male,33.40.252.99
408,Romona,Yewdall,ryewdallbb@cbslocal.com,Female,221.218.114.7
409,Alysa,Dunstone,adunstonebc@engadget.com,Female,187.198.55.65
410,Riccardo,Legion,rlegionbd@devhub.com,Male,19.26.69.176
411,Kendell,Von Hindenburg,kvonhindenburgbe@dmoz.org,Male,121.153.23.233
412,Patrizio,Dederich,pdederichbf@livejournal.com,Male,169.112.150.250
413,Gabrila,Landes,glandesbg@washingtonpost.com,Female,216.208.78.177
414,Annmaria,Cecere,acecerebh@themeforest.net,Female,225.201.30.15
415,Christy,Eggleton,ceggletonbi@usnews.com,Female,195.58.238.106
416,Paulette,Schlagtmans,pschlagtmansbj@bbb.org,Female,217.225.139.225
417,Lindy,Haile,lhailebk@miitbeian.gov.cn,Female,44.17.199.240
418,Alec,Quan,aquanbl@github.io,Male,93.152.106.51
419,Gilda,Osbourne,gosbournebm@sourceforge.net,Female,236.119.227.96
420,Darryl,Larkings,dlarkingsbn@pbs.org,Female,47.69.66.202
421,Devan,Bangle,dbanglebo@ted.com,Female,149.104.226.179
422,Chrissy,Staniforth,cstaniforthbp@nhs.uk,Female,19.5.239.159
423,Ninnette,Shulver,nshulverbq@psu.edu,Female,146.62.132.237
424,Demetri,Rippingale,drippingalebr@washington.edu,Male,168.83.83.123
425,Jesselyn,Le Noury,jlenourybs@slashdot.org,Female,95.206.88.221
426,Anabella,Woolfoot,awoolfootbt@theatlantic.com,Female,203.36.142.254
427,Cherie,Bohills,cbohillsbu@merriam-webster.com,Female,54.132.177.104
428,Noble,Kempton,nkemptonbv@angelfire.com,Male,178.207.130.6
429,Lyndy,Vaar,lvaarbw@ask.com,Female,144.73.162.134
430,Malynda,Croxall,mcroxallbx@china.com.cn,Female,195.212.178.152
431,Elvina,Heape,eheapeby@noaa.gov,Female,11.166.132.201
432,Lorrie,Larn,llarnbz@theglobeandmail.com,Male,79.35.182.74
433,Caryl,Aitkin,caitkinc0@omniture.com,Male,226.222.87.124
434,Dyan,McPherson,dmcphersonc1@dedecms.com,Female,170.229.72.95
435,Pascal,Juett,pjuettc2@sourceforge.net,Male,236.244.215.140
436,Nikki,Turl,nturlc3@cyberchimps.com,Male,10.241.44.107
437,Colman,Bussons,cbussonsc4@reuters.com,Male,24.115.53.138
438,Denis,Linneman,dlinnemanc5@prweb.com,Male,110.115.143.253
439,Jilleen,De Bernardis,jdebernardisc6@privacy.gov.au,Female,88.176.62.179
440,Mahmoud,Klimshuk,mklimshukc7@miibeian.gov.cn,Male,35.33.19.123
441,Dion,Morrice,dmorricec8@wp.com,Female,6.46.252.107
442,Rutherford,Ewen,rewenc9@squarespace.com,Male,54.113.93.122
443,Krystal,Oakwood,koakwoodca@statcounter.com,Female,195.49.223.23
444,Scarlett,Genese,sgenesecb@ed.gov,Female,25.171.1.152
445,Rayner,Roblou,rrobloucc@earthlink.net,Male,55.114.131.7
446,Emyle,Warlton,ewarltoncd@geocities.com,Female,143.204.175.25
447,Tricia,Terrey,tterreyce@nhs.uk,Female,255.248.242.7
448,Thaddus,Aaron,taaroncf@java.com,Male,95.189.46.73
449,Celle,Kyme,ckymecg@bloglines.com,Female,23.100.54.195
450,Jackquelin,Jordeson,jjordesonch@pcworld.com,Female,98.145.158.59
451,Anet,MacTrustie,amactrustieci@w3.org,Female,142.231.114.155
452,Sansone,Fullstone,sfullstonecj@moonfruit.com,Male,58.71.239.207
453,Asa,Hodges,ahodgesck@so-net.ne.jp,Male,36.95.98.207
454,Binni,Bauckham,bbauckhamcl@ox.ac.uk,Female,115.170.182.46
455,Scottie,Basey,sbaseycm@ycombinator.com,Male,189.182.158.193
456,Forster,Vidler,fvidlercn@youku.com,Male,15.43.53.15
457,Rodolfo,Aymeric,raymericco@cornell.edu,Male,22.99.131.15
458,Pearle,Wellman,pwellmancp@booking.com,Female,201.20.227.108
459,Esmaria,Asif,easifcq@army.mil,Female,162.215.161.76
460,Mellicent,Franchi,mfranchicr@woothemes.com,Female,82.236.241.253
461,Sawyere,Rouf,sroufcs@jimdo.com,Male,173.34.237.30
462,Kizzee,Happert,khappertct@google.ru,Female,124.237.13.72
463,Dal,Vasilic,dvasiliccu@sina.com.cn,Male,134.110.36.69
464,Emmey,Franzewitch,efranzewitchcv@hatena.ne.jp,Female,102.163.3.166
465,Derry,Pugh,dpughcw@cnet.com,Male,240.7.253.241
466,Milissent,Jeacock,mjeacockcx@dedecms.com,Female,113.133.103.92
467,Warren,Brannigan,wbrannigancy@google.co.jp,Male,145.76.79.116
468,Tibold,McClenaghan,tmcclenaghancz@tumblr.com,Male,56.222.239.219
469,Lottie,Wheelhouse,lwheelhoused0@nasa.gov,Female,47.127.182.16
470,Crystal,Fleg,cflegd1@google.pl,Female,222.180.175.140
471,Emmye,Dougan,edougand2@harvard.edu,Female,105.229.88.213
472,Gilburt,Christal,gchristald3@google.com.au,Male,140.224.156.86
473,Sansone,Sturdgess,ssturdgessd4@slideshare.net,Male,141.253.152.97
474,Dorthy,Jobes,djobesd5@icio.us,Female,193.208.92.183
475,Lucie,Kydd,lkyddd6@surveymonkey.com,Female,27.3.90.94
476,Manon,Gribbon,mgribbond7@wix.com,Female,77.195.81.81
477,Bunny,Call,bcalld8@artisteer.com,Female,18.96.145.95
478,Mallissa,Allcock,mallcockd9@cisco.com,Female,146.185.172.251
479,Che,Maybery,cmayberyda@ustream.tv,Male,67.17.22.196
480,Janina,Greve,jgrevedb@sun.com,Female,222.231.59.218
481,Sinclair,Rosevear,sroseveardc@phoca.cz,Male,72.144.87.84
482,Basilio,Larn,blarndd@bbc.co.uk,Male,196.190.224.219
483,Marcelo,Hawford,mhawfordde@sfgate.com,Male,34.99.168.169
484,Julietta,Wallas,jwallasdf@mac.com,Female,101.229.91.226
485,Tod,Derisly,tderislydg@hatena.ne.jp,Male,55.131.88.12
486,Loren,Talks,ltalksdh@studiopress.com,Male,22.188.120.246
487,Dannie,Davidescu,ddavidescudi@photobucket.com,Male,178.194.135.198
488,Didi,Rolfo,drolfodj@howstuffworks.com,Female,248.168.186.161
489,Ashien,Steers,asteersdk@opera.com,Female,71.91.193.10
490,Stephenie,Tilt,stiltdl@nationalgeographic.com,Female,161.204.99.221
491,Perrine,Matzen,pmatzendm@tinypic.com,Female,78.42.176.78
492,Wallie,Simmonite,wsimmonitedn@canalblog.com,Male,161.242.79.43
493,Nikolaus,Rickeard,nrickearddo@army.mil,Male,250.193.49.90
494,Karna,Steet,ksteetdp@php.net,Female,44.228.144.76
495,Dionysus,Bausor,dbausordq@ucoz.ru,Male,200.59.248.190
496,Rikki,Lodevick,rlodevickdr@google.com.au,Male,225.223.129.44
497,Cassandre,Hurdis,churdisds@aol.com,Female,30.204.245.182
498,Gregoor,Freschini,gfreschinidt@time.com,Male,240.220.201.47
499,Flem,Shieldon,fshieldondu@youku.com,Male,242.33.96.143
500,Bridget,Jacquot,bjacquotdv@zdnet.com,Female,80.47.29.110
501,Turner,Tyght,ttyghtdw@smh.com.au,Male,130.166.55.90
502,Birgit,Leftridge,bleftridgedx@usgs.gov,Female,134.193.137.71
503,Alberto,Kerner,akernerdy@cargocollective.com,Male,235.253.120.101
504,Cass,Killcross,ckillcrossdz@nbcnews.com,Female,127.121.207.54
505,Sanford,Millmore,smillmoree0@clickbank.net,Male,52.207.62.108
506,Laraine,Shemmans,lshemmanse1@miitbeian.gov.cn,Female,77.123.102.209
507,Isadore,Gilardone,igilardonee2@weibo.com,Male,5.19.45.168
508,Dennis,Gowanlock,dgowanlocke3@altervista.org,Male,76.143.58.178
509,Meredith,Pavlasek,mpavlaseke4@washingtonpost.com,Female,148.253.60.4
510,Vanessa,Fairfoul,vfairfoule5@free.fr,Female,97.27.68.173
511,Mandel,Nutbeem,mnutbeeme6@hud.gov,Male,113.13.6.35
512,Abigale,Goligly,agoliglye7@jalbum.net,Female,212.117.245.228
513,Lisle,Roggerone,lroggeronee8@jigsy.com,Male,160.13.84.170
514,Orran,Kirkbright,okirkbrighte9@t-online.de,Male,172.1.205.205
515,Luca,Elsip,lelsipea@mtv.com,Male,103.1.252.148
516,Joline,Sandyfirth,jsandyfirtheb@google.co.uk,Female,108.194.193.254
517,Abbey,Lidbetter,alidbetterec@oaic.gov.au,Male,185.13.116.225
518,Upton,Eglin,ueglined@livejournal.com,Male,141.162.173.181
519,Salvatore,Catanheira,scatanheiraee@reuters.com,Male,21.167.174.111
520,Victoir,Spillett,vspillettef@weibo.com,Male,174.102.38.125
521,Fletch,Guillon,fguilloneg@wordpress.com,Male,208.3.210.176
522,Ginelle,Cromie,gcromieeh@sourceforge.net,Female,136.63.130.203
523,Alfy,Nurden,anurdenei@marketwatch.com,Male,114.210.246.12
524,Katusha,Collough,kcolloughej@wix.com,Female,176.102.152.66
525,Moyna,Weinham,mweinhamek@furl.net,Female,87.15.217.172
526,Dodie,Boolsen,dboolsenel@boston.com,Female,101.174.216.167
527,Janek,Poynter,jpoynterem@jiathis.com,Male,187.23.44.198
528,Marsh,Boij,mboijen@angelfire.com,Male,183.163.238.88
529,Carena,Weeks,cweekseo@aboutads.info,Female,25.123.24.65
530,Cammy,Gye,cgyeep@youtu.be,Male,14.26.20.39
531,Skipper,Cajkler,scajklereq@simplemachines.org,Male,215.124.148.18
532,Gery,Glasper,gglasperer@sourceforge.net,Male,33.85.181.213
533,Yorker,Baud,ybaudes@google.co.uk,Male,14.85.199.75
534,Aleda,Rosenkrantz,arosenkrantzet@uiuc.edu,Female,250.212.225.135
535,Finn,Gheorghie,fgheorghieeu@discuz.net,Male,96.15.192.249
536,Winna,McEachern,wmceachernev@bandcamp.com,Female,119.108.161.233
537,Ezri,Conwell,econwellew@wikispaces.com,Male,23.21.48.170
538,Denney,Empringham,dempringhamex@cnet.com,Male,6.96.162.197
539,Erhard,Sclanders,esclandersey@eepurl.com,Male,248.216.49.19
540,Kirk,Lax,klaxez@list-manage.com,Male,220.91.75.246
541,Eb,Strudwick,estrudwickf0@statcounter.com,Male,236.17.73.21
542,Sheilah,Pipe,spipef1@diigo.com,Female,189.180.117.228
543,Evelina,Alpin,ealpinf2@phoca.cz,Female,255.217.105.145
544,Derrik,D'eathe,ddeathef3@cpanel.net,Male,87.63.242.196
545,Vinni,Zannotelli,vzannotellif4@usda.gov,Female,188.198.131.230
546,Gretel,Cossum,gcossumf5@plala.or.jp,Female,167.184.104.96
547,Tanya,Thorold,tthoroldf6@com.com,Female,86.155.74.161
548,Norris,Oswell,noswellf7@vkontakte.ru,Male,232.14.221.50
549,Darelle,Dugall,ddugallf8@paypal.com,Female,170.223.103.156
550,Briggs,Pavkovic,bpavkovicf9@flavors.me,Male,154.240.190.254
551,Kiele,Langton,klangtonfa@a8.net,Female,238.195.89.243
552,Tonia,McMennum,tmcmennumfb@rakuten.co.jp,Female,81.83.155.213
553,Nanete,Goadby,ngoadbyfc@telegraph.co.uk,Female,116.54.243.193
554,Shelley,Pegden,spegdenfd@pen.io,Female,158.138.202.215
555,Callean,Scoates,cscoatesfe@symantec.com,Male,235.167.254.192
556,Dacy,Rosenblum,drosenblumff@dmoz.org,Female,250.166.162.1
557,Jermaine,Loving,jlovingfg@digg.com,Male,218.50.86.126
558,Carola,Cragoe,ccragoefh@loc.gov,Female,176.108.254.253
559,Bonnee,Landrieu,blandrieufi@walmart.com,Female,174.144.254.84
560,Claus,Clancey,cclanceyfj@microsoft.com,Male,182.223.76.52
561,Karly,McOmish,kmcomishfk@spiegel.de,Female,120.58.198.176
562,Donovan,Hollington,dhollingtonfl@chicagotribune.com,Male,201.29.192.82
563,Danyelle,Devennie,ddevenniefm@webs.com,Female,1.111.103.71
564,Gaby,MacEvilly,gmacevillyfn@etsy.com,Male,238.31.72.65
565,Kaspar,Eddisforth,keddisforthfo@prnewswire.com,Male,10.169.189.85
566,Elvera,Parmley,eparmleyfp@rakuten.co.jp,Female,144.74.56.238
567,Faustina,Geldeford,fgeldefordfq@newsvine.com,Female,115.114.171.165
568,Carina,Quade,cquadefr@twitter.com,Female,115.36.18.175
569,Ferd,Weald,fwealdfs@example.com,Male,63.25.191.147
570,Tiler,Vooght,tvooghtft@netscape.com,Male,22.224.243.68
571,Tanney,Runchman,trunchmanfu@state.gov,Male,94.143.15.145
572,Isis,Cadany,icadanyfv@hubpages.com,Female,188.190.249.141
573,Arturo,Cherry,acherryfw@aboutads.info,Male,110.192.84.78
574,Marti,O'Scully,moscullyfx@google.it,Female,196.187.226.10
575,Martita,Boatman,mboatmanfy@washingtonpost.com,Female,252.230.37.23
576,Rick,Haffard,rhaffardfz@java.com,Male,62.157.92.135
577,Alethea,Jex,ajexg0@google.es,Female,0.198.132.63
578,Grayce,Atwell,gatwellg1@hhs.gov,Female,55.18.157.97
579,Ned,Rispen,nrispeng2@aol.com,Male,192.54.120.186
580,Ebeneser,Mahoney,emahoneyg3@jigsy.com,Male,197.74.103.78
581,Lutero,Gounot,lgounotg4@sitemeter.com,Male,148.174.124.89
582,Elly,Resun,eresung5@ca.gov,Female,76.165.180.185
583,Pete,Brewin,pbrewing6@blinklist.com,Male,228.71.241.134
584,Michaelina,Wheeler,mwheelerg7@constantcontact.com,Female,163.30.12.0
585,Brianna,Ridding,briddingg8@disqus.com,Female,128.142.106.90
586,Keely,Sharp,ksharpg9@infoseek.co.jp,Female,202.63.88.48
587,Chuck,Kiff,ckiffga@phpbb.com,Male,218.227.240.16
588,Hermione,Cridlan,hcridlangb@imageshack.us,Female,253.249.5.33
589,Suellen,Ragbourne,sragbournegc@nyu.edu,Female,230.238.243.14
590,Shoshana,Yardley,syardleygd@msn.com,Female,232.31.184.36
591,Johnny,Hadlee,jhadleege@redcross.org,Male,19.158.78.158
592,Vale,Pharoah,vpharoahgf@jimdo.com,Female,236.43.178.71
593,Bonita,Aleveque,balevequegg@elpais.com,Female,31.228.125.192
594,Saudra,Stanyland,sstanylandgh@github.io,Female,227.67.156.161
595,Amabel,Maylour,amaylourgi@dagondesign.com,Female,1.42.35.122
596,Thorin,Borland,tborlandgj@is.gd,Male,108.251.91.91
597,Bree,Hammond,bhammondgk@soup.io,Female,222.200.146.4
598,Otto,Slee,osleegl@cpanel.net,Male,158.163.33.203
599,Waylin,Emeny,wemenygm@cam.ac.uk,Male,242.203.96.124
600,Dulciana,Wykes,dwykesgn@buzzfeed.com,Female,242.152.54.125
601,Callean,Tangye,ctangyego@typepad.com,Male,158.67.134.92
602,Dru,Tweed,dtweedgp@wsj.com,Male,70.97.29.155
603,Reyna,Askew,raskewgq@netvibes.com,Female,61.74.189.68
604,Keith,Arnaldy,karnaldygr@discuz.net,Male,79.18.170.15
605,Ira,Mintram,imintramgs@princeton.edu,Male,227.213.192.227
606,Felicia,Croster,fcrostergt@wunderground.com,Female,62.242.133.195
607,Kiele,Dunsmuir,kdunsmuirgu@walmart.com,Female,189.239.142.42
608,Priscella,Gramer,pgramergv@icq.com,Female,139.176.202.38
609,Beauregard,Punchard,bpunchardgw@yahoo.com,Male,190.141.148.17
610,Tania,Palphramand,tpalphramandgx@harvard.edu,Female,28.47.211.32
611,Zacharias,Laurenz,zlaurenzgy@barnesandnoble.com,Male,91.168.253.41
612,Allard,Roke,arokegz@nymag.com,Male,88.52.77.211
613,Joel,Welburn,jwelburnh0@wsj.com,Male,236.226.119.78
614,Sunshine,Crosskill,scrosskillh1@usatoday.com,Female,119.115.177.248
615,Annadiana,Landes,alandesh2@abc.net.au,Female,22.199.184.62
616,Ragnar,Pentland,rpentlandh3@macromedia.com,Male,119.208.239.168
617,Bellina,Parkes,bparkesh4@yellowbook.com,Female,41.13.12.187
618,Humphrey,Clemmensen,hclemmensenh5@e-recht24.de,Male,12.220.30.210
619,Mallory,Sarra,msarrah6@usatoday.com,Male,49.101.113.72
620,Harriett,Jarret,hjarreth7@ucoz.ru,Female,83.183.73.12
621,Cornall,Toll,ctollh8@harvard.edu,Male,86.51.43.14
622,Jodie,Cottie,jcottieh9@plala.or.jp,Female,77.25.82.66
623,Freemon,Reignard,freignardha@friendfeed.com,Male,119.166.84.141
624,Jessee,Maurice,jmauricehb@histats.com,Male,238.220.204.144
625,Fayre,Swabey,fswabeyhc@gizmodo.com,Female,242.201.178.28
626,Wanda,Libby,wlibbyhd@moonfruit.com,Female,133.199.236.9
627,Brion,Stephenson,bstephensonhe@bandcamp.com,Male,16.22.29.55
628,Gerard,Ions,gionshf@typepad.com,Male,34.15.168.235
629,Glory,Haggata,ghaggatahg@baidu.com,Female,159.129.135.217
630,Kitti,Swett,kswetthh@myspace.com,Female,143.23.57.5
631,Netty,Phear,nphearhi@rambler.ru,Female,250.176.178.165
632,Allsun,Basten,abastenhj@house.gov,Female,196.208.201.190
633,Russ,Turbayne,rturbaynehk@discuz.net,Male,116.144.0.251
634,Teirtza,Agglione,tagglionehl@mozilla.com,Female,43.34.167.246
635,Othella,Schiefersten,oschieferstenhm@mac.com,Female,76.153.100.62
636,Neely,Du Fray,ndufrayhn@cnet.com,Female,79.0.249.208
637,Imogene,Bazell,ibazellho@cafepress.com,Female,237.255.99.95
638,Jordana,Backler,jbacklerhp@globo.com,Female,81.158.244.93
639,Gerry,Coutthart,gcouttharthq@booking.com,Male,159.72.78.253
640,Leonard,Dyett,ldyetthr@census.gov,Male,13.184.252.201
641,Alexis,Babbe,ababbehs@vimeo.com,Female,210.126.179.187
642,Bordy,Hebbron,bhebbronht@cargocollective.com,Male,193.47.30.81
643,Chic,Piffe,cpiffehu@t-online.de,Male,248.201.229.61
644,Nicholas,Garvagh,ngarvaghhv@exblog.jp,Male,135.59.123.76
645,Torrie,Aust,tausthw@noaa.gov,Female,226.69.207.130
646,Rosanne,Tidmarsh,rtidmarshhx@multiply.com,Female,190.224.139.165
647,Floris,Thomas,fthomashy@blogspot.com,Female,10.91.48.101
648,Karie,Donhardt,kdonhardthz@businessinsider.com,Female,186.108.169.106
649,Almeda,Beddow,abeddowi0@yellowbook.com,Female,134.233.165.206
650,Angelia,Moir,amoiri1@oracle.com,Female,184.117.115.3
651,Lilly,Brownett,lbrownetti2@bbb.org,Female,51.53.223.98
652,Peg,Bridel,pbrideli3@a8.net,Female,134.204.3.85
653,Tera,Booij,tbooiji4@wunderground.com,Female,201.59.59.32
654,Dulcinea,Figurski,dfigurskii5@icq.com,Female,130.49.176.242
655,Cassandra,Wither,cwitheri6@ask.com,Female,72.20.15.41
656,Culley,Carville,ccarvillei7@fastcompany.com,Male,46.123.66.55
657,Gabbi,Ramsden,gramsdeni8@google.it,Female,243.144.140.189
658,Flore,Dudeney,fdudeneyi9@webmd.com,Female,249.37.46.175
659,Mayer,Grindlay,mgrindlayia@godaddy.com,Male,113.84.58.125
660,Larry,Woodyer,lwoodyerib@amazon.com,Male,228.14.43.187
661,Selestina,Dibb,sdibbic@cdbaby.com,Female,15.253.146.112
662,Giusto,Esch,geschid@blogtalkradio.com,Male,9.60.183.98
663,Kiele,Silman,ksilmanie@spotify.com,Female,92.169.178.187
664,Robers,Langeren,rlangerenif@tamu.edu,Male,12.38.140.220
665,Alexandr,Aizkovitch,aaizkovitchig@hhs.gov,Male,121.167.229.30
666,Clim,Buckham,cbuckhamih@scientificamerican.com,Male,147.47.150.216
667,Sharona,MacFall,smacfallii@prlog.org,Female,59.72.110.118
668,Zia,Abrahams,zabrahamsij@arstechnica.com,Female,153.128.34.181
669,Stacee,Cottle,scottleik@acquirethisname.com,Male,208.77.201.164
670,Maurizio,Ironmonger,mironmongeril@nhs.uk,Male,124.88.46.42
671,Ruggiero,Spellworth,rspellworthim@answers.com,Male,145.66.236.166
672,Crichton,Toal,ctoalin@behance.net,Male,28.225.7.205
673,Ruy,Hlavac,rhlavacio@nba.com,Male,230.11.38.255
674,Jessamyn,Dietz,jdietzip@networksolutions.com,Female,196.188.116.190
675,Derrik,Meikle,dmeikleiq@rediff.com,Male,131.235.188.208
676,Claiborn,Burdon,cburdonir@engadget.com,Male,215.61.93.22
677,Cob,Fries,cfriesis@chicagotribune.com,Male,91.160.127.134
678,Jared,Kingman,jkingmanit@eventbrite.com,Male,190.146.104.180
679,Lezlie,Filyakov,lfilyakoviu@ifeng.com,Female,25.46.19.33
680,Vassili,Garmston,vgarmstoniv@cnet.com,Male,174.139.195.228
681,Gertrude,Side,gsideiw@nifty.com,Female,86.101.81.189
682,Taffy,Bearblock,tbearblockix@deviantart.com,Female,227.111.21.36
683,Lilla,Tower,ltoweriy@yellowpages.com,Female,100.203.185.251
684,Guillermo,Heyburn,gheyburniz@weibo.com,Male,61.211.177.95
685,Junie,Picardo,jpicardoj0@acquirethisname.com,Female,222.82.125.81
686,Zolly,Lapre,zlaprej1@wufoo.com,Male,173.151.33.113
687,Geralda,Sanz,gsanzj2@blogtalkradio.com,Female,140.79.50.208
688,Christalle,Braddick,cbraddickj3@google.com,Female,26.83.132.135
689,Devon,Harrie,dharriej4@php.net,Female,33.125.168.150
690,Noel,Nutting,nnuttingj5@zdnet.com,Male,114.235.25.192
691,Pablo,Phillipson,pphillipsonj6@ask.com,Male,232.178.73.88
692,North,Astill,nastillj7@psu.edu,Male,75.93.147.91
693,Goddart,Chauvey,gchauveyj8@github.com,Male,235.176.203.232
694,Ruben,Dinsale,rdinsalej9@bbb.org,Male,148.86.166.232
695,Rutter,Lilbourne,rlilbourneja@tripadvisor.com,Male,156.15.112.104
696,Evita,Nowlan,enowlanjb@narod.ru,Female,32.128.87.243
697,Carlynn,Scutcheon,cscutcheonjc@storify.com,Female,28.208.101.176
698,Marcello,O'Driscole,modriscolejd@tripadvisor.com,Male,237.166.182.244
699,Bay,Willshere,bwillshereje@answers.com,Male,104.28.228.6
700,Steffane,Farington,sfaringtonjf@de.vu,Female,60.56.115.8
701,Nathan,Dismore,ndismorejg@irs.gov,Male,178.68.18.137
702,Mirna,Betser,mbetserjh@github.io,Female,172.146.104.75
703,Lou,Birtley,lbirtleyji@chicagotribune.com,Male,148.113.113.203
704,Alfons,Haggus,ahaggusjj@nsw.gov.au,Male,66.238.77.52
705,Graig,Coughtrey,gcoughtreyjk@dot.gov,Male,111.189.178.254
706,Tonia,Ivanchikov,tivanchikovjl@mac.com,Female,71.36.168.56
707,Marika,Scimonelli,mscimonellijm@bizjournals.com,Female,207.15.21.177
708,Robinet,Minghetti,rminghettijn@devhub.com,Male,45.69.2.146
709,Fowler,Hartright,fhartrightjo@time.com,Male,227.209.175.235
710,Morganne,Rasp,mraspjp@friendfeed.com,Female,159.57.95.241
711,Halsey,Di Biasi,hdibiasijq@blogspot.com,Male,96.39.64.135
712,Nerte,Poleykett,npoleykettjr@forbes.com,Female,43.247.235.132
713,Jody,Levitt,jlevittjs@telegraph.co.uk,Male,6.121.217.81
714,April,Ledram,aledramjt@si.edu,Female,238.86.220.132
715,Wald,Rosenblad,wrosenbladju@163.com,Male,101.231.178.90
716,Lillis,Glander,lglanderjv@jalbum.net,Female,230.31.193.25
717,Kai,Angelo,kangelojw@uiuc.edu,Female,222.42.192.40
718,Leyla,Bartolomivis,lbartolomivisjx@blogtalkradio.com,Female,240.175.157.194
719,Mallissa,Sparway,msparwayjy@japanpost.jp,Female,37.63.183.187
720,Dicky,Eddicott,deddicottjz@clickbank.net,Male,42.75.150.196
721,Antonella,Cleevely,acleevelyk0@narod.ru,Female,132.66.204.134
722,Lauryn,Binnion,lbinnionk1@macromedia.com,Female,250.137.177.1
723,Dar,Proudley,dproudleyk2@hud.gov,Male,239.157.58.97
724,Myles,Charleston,mcharlestonk3@microsoft.com,Male,140.232.225.175
725,Dame,Selly,dsellyk4@vistaprint.com,Male,10.113.204.248
726,Danit,Seavers,dseaversk5@msn.com,Female,34.151.58.196
727,Eda,Stivey,estiveyk6@ebay.com,Female,200.69.37.21
728,Carlos,Roderigo,croderigok7@alibaba.com,Male,174.143.40.185
729,Moore,Willimott,mwillimottk8@macromedia.com,Male,164.53.72.194
730,Heidi,Pley,hpleyk9@npr.org,Female,247.204.50.90
731,Hedwiga,Tellesson,htellessonka@people.com.cn,Female,237.205.62.160
732,Loralyn,Dispencer,ldispencerkb@seattletimes.com,Female,105.223.24.224
733,Nilson,Kindleysides,nkindleysideskc@furl.net,Male,35.92.225.111
734,Jarib,Anstiss,janstisskd@npr.org,Male,221.188.142.150
735,Sloane,Ducham,sduchamke@go.com,Male,169.129.79.238
736,Karry,Gapper,kgapperkf@boston.com,Female,183.143.48.120
737,Olly,Berntssen,oberntssenkg@army.mil,Female,237.194.54.199
738,Koral,Tregona,ktregonakh@wikipedia.org,Female,212.247.93.36
739,Iver,Hannam,ihannamki@gov.uk,Male,246.194.27.101
740,Helen-elizabeth,McWhannel,hmcwhannelkj@w3.org,Female,196.136.195.66
741,Purcell,Josefsohn,pjosefsohnkk@goodreads.com,Male,79.156.21.176
742,Eugen,Jephcote,ejephcotekl@trellian.com,Male,173.50.91.153
743,Goober,Sussams,gsussamskm@people.com.cn,Male,116.28.10.232
744,Regen,Gleave,rgleavekn@mediafire.com,Male,189.93.45.36
745,Sally,Knight,sknightko@weebly.com,Female,19.182.145.158
746,Jana,Copnell,jcopnellkp@sbwire.com,Female,206.204.103.8
747,Gabby,Edowes,gedoweskq@mysql.com,Male,190.14.178.16
748,Hector,Wetheril,hwetherilkr@skype.com,Male,179.242.22.239
749,Hector,Stare,hstareks@photobucket.com,Male,54.130.107.15
750,Marcia,Shilling,mshillingkt@hibu.com,Female,129.47.204.106
751,Rahal,Tebald,rtebaldku@slate.com,Female,168.227.101.21
752,Amble,Leffek,aleffekkv@plala.or.jp,Male,63.218.41.4
753,Hallie,Sarfat,hsarfatkw@delicious.com,Female,1.93.177.54
754,Lib,Gidney,lgidneykx@gmpg.org,Female,238.18.75.231
755,Constantine,Slight,cslightky@fc2.com,Female,225.147.202.115
756,Essa,Rhubottom,erhubottomkz@earthlink.net,Female,40.255.209.39
757,Laird,Luxmoore,lluxmoorel0@earthlink.net,Male,136.176.92.182
758,Christiane,Chappelow,cchappelowl1@tumblr.com,Female,185.51.81.55
759,Vlad,Milbourn,vmilbournl2@smugmug.com,Male,108.4.243.181
760,Andrea,Hitchens,ahitchensl3@mapquest.com,Female,161.14.90.121
761,Dennis,O'Conor,doconorl4@wordpress.org,Male,57.177.147.171
762,Estrella,Klement,eklementl5@blogs.com,Female,189.212.157.170
763,Yancey,Samples,ysamplesl6@dion.ne.jp,Male,179.197.90.131
764,Leonora,Espie,lespiel7@dedecms.com,Female,30.70.2.113
765,Ripley,Mildner,rmildnerl8@macromedia.com,Male,7.190.232.150
766,Danila,Maharey,dmahareyl9@imdb.com,Female,248.223.165.4
767,Harper,Belf,hbelfla@naver.com,Male,118.152.253.185
768,Shaine,Clibbery,sclibberylb@newyorker.com,Female,76.65.133.34
769,Miguela,Tyght,mtyghtlc@va.gov,Female,191.42.44.203
770,Wynnie,Thirsk,wthirskld@usda.gov,Female,206.139.34.27
771,Zorah,Haddy,zhaddyle@cmu.edu,Female,37.150.245.163
772,Waring,Leander,wleanderlf@flavors.me,Male,128.49.5.113
773,Kincaid,Treadgall,ktreadgalllg@apple.com,Male,13.167.229.228
774,Taylor,Dimitriou,tdimitrioulh@nydailynews.com,Male,166.185.221.226
775,Mickey,Sappy,msappyli@loc.gov,Male,205.118.202.147
776,Hildagard,Lilburne,hlilburnelj@nhs.uk,Female,152.108.100.197
777,Chrissie,Flockhart,cflockhartlk@behance.net,Male,128.170.53.206
778,Chas,Dalloway,cdallowayll@nih.gov,Male,18.188.38.93
779,Spenser,Kenforth,skenforthlm@bravesites.com,Male,9.40.71.82
780,Loralie,Matelyunas,lmatelyunasln@networksolutions.com,Female,173.155.27.85
781,Elden,Trouncer,etrouncerlo@a8.net,Male,209.204.65.100
782,Grantham,Fogg,gfogglp@domainmarket.com,Male,163.11.249.184
783,Sarina,Fisby,sfisbylq@fda.gov,Female,89.195.39.154
784,Lucita,felip,lfeliplr@spotify.com,Female,206.58.175.83
785,Erny,Shower,eshowerls@arstechnica.com,Male,189.208.253.115
786,Deloria,Mucillo,dmucillolt@princeton.edu,Female,112.215.241.203
787,Kitty,Waller-Bridge,kwallerbridgelu@blogs.com,Female,195.71.158.89
788,Ofilia,Dolley,odolleylv@artisteer.com,Female,195.126.22.231
789,Ian,Damrel,idamrellw@rediff.com,Male,131.37.87.29
790,Ashton,Doidge,adoidgelx@pinterest.com,Male,157.136.100.191
791,Philippe,Fifield,pfifieldly@sfgate.com,Female,85.156.19.167
792,Edgard,Tuxwell,etuxwelllz@imgur.com,Male,124.78.214.185
793,Kristofor,Blaszczynski,kblaszczynskim0@comsenz.com,Male,21.154.177.30
794,Allyce,Ropkins,aropkinsm1@nyu.edu,Female,254.240.174.110
795,Fletcher,Menichini,fmenichinim2@mapquest.com,Male,166.59.70.87
796,Bennie,Bault,bbaultm3@disqus.com,Female,48.152.185.166
797,Grier,Bampford,gbampfordm4@ca.gov,Female,41.147.82.226
798,Mattie,Cheine,mcheinem5@gizmodo.com,Male,31.86.127.154
799,Bel,Keyse,bkeysem6@booking.com,Female,101.92.101.139
800,Inga,Ghidetti,ighidettim7@pinterest.com,Female,81.198.177.174
801,Sindee,Westrope,swestropem8@latimes.com,Female,88.209.127.124
802,Lucretia,Strangeway,lstrangewaym9@google.ru,Female,106.199.189.48
803,Flossy,Cornell,fcornellma@yandex.ru,Female,233.217.28.35
804,Tabbatha,Thoday,tthodaymb@ezinearticles.com,Female,252.141.18.107
805,Tris,Pacitti,tpacittimc@vistaprint.com,Male,1.19.198.109
806,Farlee,Drinkel,fdrinkelmd@phpbb.com,Male,144.114.192.203
807,Gaspard,Doni,gdonime@mozilla.org,Male,88.104.211.29
808,Jo-ann,Pinckstone,jpinckstonemf@bloglines.com,Female,142.225.94.170
809,Pauline,Pierpoint,ppierpointmg@pcworld.com,Female,115.114.19.100
810,Leona,Woodus,lwoodusmh@admin.ch,Female,111.75.147.157
811,Skipton,Cakes,scakesmi@theguardian.com,Male,47.103.242.161
812,Leah,Villa,lvillamj@wix.com,Female,124.54.32.33
813,Benoite,Head,bheadmk@pagesperso-orange.fr,Female,81.115.166.25
814,Paulette,Litherborough,plitherboroughml@topsy.com,Female,14.238.43.139
815,Rockie,Stains,rstainsmm@ow.ly,Male,113.243.201.14
816,Evin,Bertolaccini,ebertolaccinimn@vistaprint.com,Male,62.21.81.197
817,Guthry,Gilders,ggildersmo@tripod.com,Male,247.119.22.107
818,Shamus,Buncom,sbuncommp@netscape.com,Male,15.9.198.252
819,Romola,Wilsey,rwilseymq@meetup.com,Female,90.3.24.123
820,Madelene,Gornal,mgornalmr@berkeley.edu,Female,135.146.68.93
821,Augusta,Gorring,agorringms@vkontakte.ru,Female,1.189.174.61
822,Robers,Sparway,rsparwaymt@is.gd,Male,107.190.19.237
823,Shurlocke,Dight,sdightmu@unc.edu,Male,221.46.65.200
824,Griz,Austwick,gaustwickmv@booking.com,Male,126.22.187.114
825,Lorita,Longworthy,llongworthymw@twitter.com,Female,251.155.164.205
826,Tiphanie,Soaper,tsoapermx@bigcartel.com,Female,142.32.193.115
827,Moise,Culbard,mculbardmy@dagondesign.com,Male,47.228.188.217
828,Rafaello,Castleman,rcastlemanmz@japanpost.jp,Male,86.150.148.15
829,Holden,Giorgione,hgiorgionen0@epa.gov,Male,53.168.196.116
830,Quent,Laffan,qlaffann1@flavors.me,Male,65.228.24.170
831,Cherlyn,Redmond,credmondn2@ehow.com,Female,166.245.191.38
832,Yasmin,Marrion,ymarrionn3@washingtonpost.com,Female,98.223.133.183
833,Mauricio,Duesberry,mduesberryn4@google.es,Male,192.68.174.206
834,Clemmie,Mingaye,cmingayen5@vimeo.com,Female,200.5.95.31
835,Sandro,Thomsen,sthomsenn6@chicagotribune.com,Male,92.131.185.216
836,Cassaundra,Sarney,csarneyn7@angelfire.com,Female,55.37.54.91
837,Norry,Kivelhan,nkivelhann8@globo.com,Female,120.155.136.78
838,Jeanie,Reavey,jreaveyn9@examiner.com,Female,201.103.239.175
839,Fairfax,Guirard,fguirardna@last.fm,Male,226.14.81.51
840,Cary,Roobottom,croobottomnb@omniture.com,Male,75.185.200.47
841,Meriel,Redish,mredishnc@histats.com,Female,23.135.103.252
842,Mirabel,Skures,mskuresnd@prweb.com,Female,116.126.123.167
843,Albie,Higounet,ahigounetne@seesaa.net,Male,105.59.177.91
844,Bryon,Slemming,bslemmingnf@dell.com,Male,199.139.9.198
845,Bobby,Essel,besselng@i2i.jp,Female,68.87.87.245
846,Ode,Jordan,ojordannh@bbb.org,Male,165.102.168.219
847,Delly,Ivan,divanni@nationalgeographic.com,Female,252.144.9.167
848,Armando,Allot,aallotnj@dailymotion.com,Male,107.39.106.141
849,Tammy,Cominoli,tcominolink@wisc.edu,Male,104.253.100.252
850,Vonni,Bradden,vbraddennl@amazon.com,Female,84.128.222.128
851,Thacher,Cregg,tcreggnm@t-online.de,Male,221.119.24.31
852,Thorny,Hurring,thurringnn@abc.net.au,Male,208.34.253.234
853,Hollie,Fraschini,hfraschinino@gizmodo.com,Female,115.139.100.41
854,Pembroke,Bindon,pbindonnp@who.int,Male,183.183.242.242
855,Say,Mullis,smullisnq@boston.com,Male,181.116.13.141
856,Vance,Tomasini,vtomasininr@prlog.org,Male,223.4.53.124
857,Cammi,Abramovicz,cabramoviczns@com.com,Female,128.173.100.193
858,Eleanore,Moohan,emoohannt@unblog.fr,Female,192.221.241.80
859,Rebekkah,Roskell,rroskellnu@cbslocal.com,Female,102.34.191.27
860,Gabey,Peasey,gpeaseynv@unc.edu,Female,26.206.153.9
861,Robbi,Long,rlongnw@gov.uk,Female,97.59.122.210
862,Arvin,Monksfield,amonksfieldnx@arizona.edu,Male,234.215.212.136
863,Robin,Wort,rwortny@privacy.gov.au,Male,77.103.91.158
864,Skelly,Maymond,smaymondnz@alexa.com,Male,216.6.192.103
865,Klemens,Trobe,ktrobeo0@omniture.com,Male,52.190.6.13
866,Massimiliano,Brunsden,mbrunsdeno1@about.me,Male,27.129.18.95
867,Margery,Sieb,msiebo2@usa.gov,Female,38.229.206.41
868,Kelbee,Plewright,kplewrighto3@mail.ru,Male,188.187.173.190
869,Mayor,Fossord,mfossordo4@jiathis.com,Male,99.227.87.118
870,Brian,Insko,binskoo5@amazon.de,Male,196.17.160.120
871,Jewelle,Twatt,jtwatto6@illinois.edu,Female,43.106.190.77
872,West,Louche,wloucheo7@shutterfly.com,Male,166.154.164.211
873,Melonie,Budibent,mbudibento8@wp.com,Female,197.200.138.180
874,Hakeem,Thresh,hthresho9@nifty.com,Male,66.11.102.38
875,Shannan,Jorck,sjorckoa@unc.edu,Male,125.173.234.104
876,Sean,Trice,striceob@yelp.com,Male,170.223.191.150
877,Drugi,Probert,dprobertoc@foxnews.com,Male,206.245.41.197
878,Casar,Schlagtmans,cschlagtmansod@whitehouse.gov,Male,13.117.22.141
879,Damon,Yekel,dyekeloe@unesco.org,Male,10.167.128.201
880,Ashly,Soar,asoarof@360.cn,Female,57.163.30.150
881,Marian,Pothergill,mpothergillog@nifty.com,Female,39.24.15.73
882,Nola,Fayerman,nfayermanoh@wp.com,Female,47.189.47.73
883,Jayme,Whyke,jwhykeoi@earthlink.net,Male,59.169.236.130
884,Megen,Nilges,mnilgesoj@domainmarket.com,Female,247.91.140.222
885,Riley,Kinmond,rkinmondok@domainmarket.com,Male,170.203.231.166
886,Loren,Loalday,lloaldayol@bloglines.com,Female,214.48.85.128
887,Damita,Quarles,dquarlesom@ed.gov,Female,151.77.60.101
888,Ram,Verlander,rverlanderon@miibeian.gov.cn,Male,156.49.95.141
889,Petronille,Marling,pmarlingoo@pen.io,Female,66.225.66.132
890,Joseph,Piola,jpiolaop@samsung.com,Male,88.4.159.156
891,Gerry,Dils,gdilsoq@networkadvertising.org,Male,36.51.234.176
892,Lurline,Follows,lfollowsor@canalblog.com,Female,145.240.188.21
893,Saree,McCaskill,smccaskillos@zdnet.com,Female,65.99.227.211
894,Lorette,Churches,lchurchesot@weather.com,Female,87.249.7.148
895,Noelle,Pighills,npighillsou@youtu.be,Female,141.44.132.209
896,Stafford,Dolton,sdoltonov@fema.gov,Male,112.234.168.9
897,Obidiah,Handlin,ohandlinow@columbia.edu,Male,93.216.35.72
898,Adriano,Dumphy,adumphyox@live.com,Male,246.153.201.140
899,Daven,Tookey,dtookeyoy@ebay.com,Male,53.93.229.94
900,Beau,Lisciandri,blisciandrioz@1und1.de,Male,242.198.231.143
901,Bliss,Strewthers,bstrewthersp0@nps.gov,Female,120.227.47.184
902,Orbadiah,Olin,oolinp1@house.gov,Male,87.98.207.76
903,Dewey,Hailston,dhailstonp2@columbia.edu,Male,201.174.94.196
904,Novelia,Ricson,nricsonp3@npr.org,Female,218.242.133.239
905,Abdul,Blease,ableasep4@symantec.com,Male,69.12.158.194
906,Kyle,Blankau,kblankaup5@cdc.gov,Male,190.201.72.22
907,Ginelle,McClure,gmcclurep6@disqus.com,Female,63.162.167.21
908,Shalne,Bridges,sbridgesp7@scribd.com,Female,240.196.138.113
909,Tessa,Franseco,tfransecop8@themeforest.net,Female,116.128.119.247
910,Christoffer,Farnin,cfarninp9@pcworld.com,Male,22.171.149.157
911,Guido,Syplus,gsypluspa@weather.com,Male,97.233.51.49
912,Wat,Chipperfield,wchipperfieldpb@odnoklassniki.ru,Male,12.187.100.121
913,Raye,Muddiman,rmuddimanpc@ebay.com,Female,230.19.145.175
914,Alexei,Woolard,awoolardpd@foxnews.com,Male,175.189.67.86
915,Lock,Heaselgrave,lheaselgravepe@miitbeian.gov.cn,Male,29.214.64.148
916,Malia,Harbidge,mharbidgepf@rakuten.co.jp,Female,82.99.109.178
917,Selle,Laxton,slaxtonpg@msn.com,Female,133.153.46.25
918,Kelila,Darnbrook,kdarnbrookph@istockphoto.com,Female,39.74.90.232
919,Natka,Capey,ncapeypi@digg.com,Female,191.40.69.142
920,Phaedra,Joinson,pjoinsonpj@independent.co.uk,Female,195.255.222.201
921,Zachary,Grzegorecki,zgrzegoreckipk@usa.gov,Male,251.124.107.24
922,Pepe,Tookill,ptookillpl@whitehouse.gov,Male,137.27.231.17
923,Rozanna,Chapell,rchapellpm@nydailynews.com,Female,188.154.33.250
924,Holt,Ickovici,hickovicipn@vinaora.com,Male,131.118.254.145
925,Shell,Latour,slatourpo@github.io,Male,155.151.121.250
926,Stormy,Heady,sheadypp@amazonaws.com,Female,179.76.73.16
927,Robbyn,Cianelli,rcianellipq@un.org,Female,70.154.190.164
928,Raff,Rudiger,rrudigerpr@dion.ne.jp,Male,93.129.69.6
929,Levey,Riglesford,lriglesfordps@who.int,Male,48.192.6.6
930,Sandra,Spoor,sspoorpt@dion.ne.jp,Female,101.178.120.76
931,Alida,Pulfer,apulferpu@freewebs.com,Female,30.28.242.219
932,Montgomery,Coxwell,mcoxwellpv@nasa.gov,Male,63.68.222.147
933,Sue,Roake,sroakepw@goo.gl,Female,137.197.191.255
934,Rice,Whale,rwhalepx@noaa.gov,Male,254.49.117.63
935,Nikolia,Ebertz,nebertzpy@eventbrite.com,Female,200.60.154.214
936,Galvan,Mungane,gmunganepz@jiathis.com,Male,5.89.236.210
937,Kermie,Ruddoch,kruddochq0@howstuffworks.com,Male,220.195.175.241
938,Benson,Feria,bferiaq1@quantcast.com,Male,223.80.162.103
939,Natty,De Francisci,ndefrancisciq2@biblegateway.com,Male,227.16.29.25
940,Amelina,Jayes,ajayesq3@fotki.com,Female,100.86.142.231
941,Les,Killen,lkillenq4@blogs.com,Male,29.16.52.126
942,Lira,Kimbrough,lkimbroughq5@ucoz.ru,Female,4.141.201.171
943,Bonny,Matthiesen,bmatthiesenq6@theguardian.com,Female,120.192.239.93
944,Theda,Spatarul,tspatarulq7@statcounter.com,Female,109.62.63.194
945,Westbrook,Leslie,wleslieq8@fema.gov,Male,144.61.182.165
946,Pasquale,Barnaby,pbarnabyq9@unesco.org,Male,192.117.234.52
947,Lambert,Huband,lhubandqa@youtube.com,Male,91.231.240.224
948,Morrie,Pothbury,mpothburyqb@amazon.co.jp,Male,9.200.113.69
949,Alexine,Nisco,aniscoqc@github.com,Female,247.183.109.49
950,Agustin,Hethron,ahethronqd@xing.com,Male,36.42.211.53
951,Beauregard,Walker,bwalkerqe@bravesites.com,Male,44.151.205.163
952,Kerby,Hempel,khempelqf@oaic.gov.au,Male,112.6.100.126
953,Myriam,Finci,mfinciqg@godaddy.com,Female,67.125.216.198
954,Fara,Goodbairn,fgoodbairnqh@princeton.edu,Female,125.191.233.158
955,Lela,Spellessy,lspellessyqi@networksolutions.com,Female,201.246.221.123
956,Tremaine,Koopman,tkoopmanqj@phpbb.com,Male,212.79.175.163
957,Teddy,Ellsom,tellsomqk@mysql.com,Male,183.108.96.24
958,Alberto,Lotherington,alotheringtonql@aol.com,Male,175.248.220.216
959,Nickolas,Breedy,nbreedyqm@upenn.edu,Male,130.172.228.214
960,Pietra,Tomczynski,ptomczynskiqn@jiathis.com,Female,106.228.143.152
961,Mathilda,Pover,mpoverqo@cnet.com,Female,69.42.78.127
962,Caterina,Josephy,cjosephyqp@jalbum.net,Female,98.133.125.88
963,Hardy,Kelsey,hkelseyqq@360.cn,Male,45.174.169.212
964,Starla,King,skingqr@live.com,Female,119.73.65.164
965,Gwenore,Gennerich,ggennerichqs@yandex.ru,Female,134.13.167.223
966,Noelyn,Evett,nevettqt@cyberchimps.com,Female,196.138.196.28
967,Yoshiko,Mighele,ymighelequ@reuters.com,Female,66.80.73.249
968,Shellie,Luto,slutoqv@msu.edu,Female,158.144.187.197
969,Kinna,Downton,kdowntonqw@hatena.ne.jp,Female,75.236.178.151
970,Murial,Snartt,msnarttqx@irs.gov,Female,40.213.130.145
971,Jana,Lines,jlinesqy@who.int,Female,75.207.254.14
972,Helaine,Borsnall,hborsnallqz@wsj.com,Female,32.6.212.250
973,Carlynn,Francis,cfrancisr0@shutterfly.com,Female,85.246.225.169
974,Morgan,Tithecote,mtithecoter1@microsoft.com,Male,239.91.9.116
975,Shena,Blizard,sblizardr2@canalblog.com,Female,162.220.142.120
976,Fergus,De Cruz,fdecruzr3@newyorker.com,Male,212.133.92.173
977,Kyle,Cicculi,kcicculir4@vimeo.com,Male,2.100.97.219
978,Leeland,Motherwell,lmotherwellr5@wisc.edu,Male,39.72.27.144
979,Justine,Branchet,jbranchetr6@edublogs.org,Female,152.136.46.179
980,Claudius,Shufflebotham,cshufflebothamr7@spotify.com,Male,149.203.95.26
981,Sadie,Colman,scolmanr8@pcworld.com,Female,40.33.240.12
982,Tessi,Swainger,tswaingerr9@fastcompany.com,Female,101.41.53.117
983,Melessa,Elsey,melseyra@webeden.co.uk,Female,128.146.149.79
984,Willey,Tithecote,wtithecoterb@usa.gov,Male,91.182.176.226
985,Ainsley,Kayley,akayleyrc@constantcontact.com,Female,75.29.135.160
986,Devonna,Grestie,dgrestierd@nifty.com,Female,177.5.237.82
987,Phyllys,Stapleford,pstaplefordre@soundcloud.com,Female,72.115.22.76
988,Marlene,Janata,mjanatarf@google.com.br,Female,205.149.58.100
989,Prescott,Kinson,pkinsonrg@delicious.com,Male,34.40.140.180
990,Chevalier,Aves,cavesrh@moonfruit.com,Male,199.98.194.130
991,Lynette,Seson,lsesonri@xrea.com,Female,18.27.73.58
992,Kaitlyn,Hair,khairrj@google.com.au,Female,205.12.232.243
993,Grata,Lissaman,glissamanrk@newyorker.com,Female,15.139.107.87
994,Fremont,Blaby,fblabyrl@fda.gov,Male,11.128.1.88
995,Leah,Searchfield,lsearchfieldrm@netlog.com,Female,116.120.76.9
996,Chandal,Jahan,cjahanrn@geocities.jp,Female,173.234.195.249
997,Bethany,Lindeboom,blindeboomro@mysql.com,Female,63.51.157.82
998,Wiatt,Earley,wearleyrp@miibeian.gov.cn,Male,52.110.48.248
999,Dunstan,Sargeaunt,dsargeauntrq@gizmodo.com,Male,225.231.244.211
1000,Pearla,Lynds,plyndsrr@nasa.gov,Female,38.0.60.148
