id,first_name,last_name,email,gender,ip_address
1,Ainslee,Boakes,aboakes0@youku.com,Female,97.201.231.171
2,Farlee,Meynell,fmeynell1@pcworld.com,Male,34.122.156.224
3,Parrnell,Price,pprice2@tinypic.com,Male,84.27.118.185
4,Munmro,Duchart,mduchart3@nydailynews.com,Male,229.233.4.226
5,Devon,Broxis,dbroxis4@wunderground.com,Female,91.245.95.60
6,Lari,Conisbee,lconisbee5@uol.com.br,Female,210.188.134.190
7,Tore,Darridon,tdarridon6@answers.com,Male,83.224.173.223
8,Lacie,Sapsford,lsapsford7@naver.com,Female,41.74.54.205
9,Elwood,Wayland,ewayland8@ow.ly,Male,239.81.62.185
10,Missie,Borkin,mborkin9@networkadvertising.org,Female,109.241.83.77
11,Giulio,Winship,gwinshipa@amazon.de,Male,158.164.204.138
12,Florian,Allabush,fallabushb@wix.com,Male,213.235.121.108
13,Marmaduke,De Giorgi,mdegiorgic@eventbrite.com,Male,172.98.211.168
14,Burke,Cassy,bcassyd@washingtonpost.com,Male,17.108.46.157
15,Guy,Bidgood,gbidgoode@4shared.com,Male,142.180.120.254
16,Shela,Cashin,scashinf@privacy.gov.au,Female,237.186.80.57
17,Ryann,Cerith,rcerithg@meetup.com,Female,117.202.95.105
18,Lelah,Elce,lelceh@amazon.com,Female,6.183.140.124
19,Traci,Kidman,tkidmani@opensource.org,Female,194.212.253.22
20,Lorens,Flemming,lflemmingj@wired.com,Male,48.195.140.241
21,Elysee,Iacovelli,eiacovellik@cdc.gov,Female,9.2.2.131
22,Cheslie,Orpyne,corpynel@weather.com,Female,241.190.188.47
23,Beatrix,Corley,bcorleym@mac.com,Female,77.101.87.108
24,Roch,Truin,rtruinn@de.vu,Female,48.196.253.238
25,Kylie,Ogborn,kogborno@cnbc.com,Female,54.236.47.141
26,Robb,Gummie,rgummiep@sina.com.cn,Male,92.181.115.39
27,Hillard,Truelove,htrueloveq@marriott.com,Male,171.105.230.97
28,Lyn,Hessle,lhessler@dedecms.com,Male,220.109.181.70
29,Glynnis,Wyldbore,gwyldbores@cnn.com,Female,9.198.86.75
30,Cosimo,Downham,cdownhamt@gov.uk,Male,201.222.156.172
31,Pauli,Pantridge,ppantridgeu@ifeng.com,Female,153.180.76.243
32,Giacopo,Betteson,gbettesonv@people.com.cn,Male,115.152.165.98
33,Elianore,Risley,erisleyw@google.pl,Female,59.159.133.27
34,Yvonne,Wais,ywaisx@indiatimes.com,Female,91.147.107.85
35,Brigitte,Donnell,bdonnelly@ustream.tv,Female,46.70.30.147
36,Edgar,Raittie,eraittiez@bbc.co.uk,Male,156.49.161.9
37,Bertrand,Manston,bmanston10@360.cn,Male,253.123.80.207
38,Lay,Coetzee,lcoetzee11@webnode.com,Male,239.0.55.204
39,Wallace,Grishagin,wgrishagin12@shop-pro.jp,Male,146.207.151.33
40,Garner,Guillou,gguillou13@amazon.co.jp,Male,34.47.158.248
41,Jaquelin,McEntegart,jmcentegart14@wsj.com,Female,210.211.22.126
42,Osmond,Pedrozzi,opedrozzi15@oakley.com,Male,143.222.75.201
43,Mommy,Longworthy,mlongworthy16@seesaa.net,Female,47.64.11.201
44,Faye,Petriello,fpetriello17@amazon.com,Female,146.46.130.146
45,Sela,Scuffham,sscuffham18@sitemeter.com,Female,199.5.178.181
46,Aristotle,Gulliman,agulliman19@tripadvisor.com,Male,112.192.160.110
47,Marina,Hassekl,mhassekl1a@list-manage.com,Female,34.77.19.77
48,Gearalt,Dickman,gdickman1b@nsw.gov.au,Male,85.41.209.234
49,Elinore,Klimes,eklimes1c@360.cn,Female,94.9.215.221
50,Mack,Kenset,mkenset1d@alibaba.com,Male,97.96.103.213
51,Tamqrah,Brader,tbrader1e@jalbum.net,Female,181.176.204.80
52,Teddie,Storms,tstorms1f@vkontakte.ru,Female,17.37.88.249
53,Cris,Pickworth,cpickworth1g@nifty.com,Female,53.128.170.124
54,Hobard,Baum,hbaum1h@fc2.com,Male,89.94.0.236
55,Jolene,Cosely,jcosely1i@newsvine.com,Female,99.138.94.246
56,Nan,Ride,nride1j@fastcompany.com,Female,170.84.50.205
57,Neall,Ivankin,nivankin1k@phpbb.com,Male,188.254.60.172
58,Zelig,MacIlraith,zmacilraith1l@csmonitor.com,Male,219.38.17.99
59,Rikki,Pawels,rpawels1m@nhs.uk,Female,138.5.56.204
60,Lorilee,Kemmis,lkemmis1n@icq.com,Female,47.163.33.134
61,Trina,Cockell,tcockell1o@baidu.com,Female,192.86.58.106
62,Faith,Sigg,fsigg1p@dagondesign.com,Female,7.163.130.237
63,Viv,Daulton,vdaulton1q@networksolutions.com,Female,215.137.199.246
64,Carma,Armall,carmall1r@epa.gov,Female,126.225.106.212
65,Dre,Ellyatt,dellyatt1s@naver.com,Female,162.104.43.228
66,Silva,Demonge,sdemonge1t@census.gov,Female,240.232.13.184
67,Florenza,Sancho,fsancho1u@fastcompany.com,Female,183.98.61.102
68,Allis,Kidde,akidde1v@oaic.gov.au,Female,25.211.186.24
69,Abdul,Kimmins,akimmins1w@ebay.com,Male,26.207.70.52
70,Corrinne,Fulleylove,cfulleylove1x@mashable.com,Female,118.33.236.115
71,Huntley,Need,hneed1y@list-manage.com,Male,148.80.235.150
72,Randolph,Spurret,rspurret1z@gizmodo.com,Male,250.15.178.8
73,Ag,Bonaire,abonaire20@so-net.ne.jp,Female,34.68.101.160
74,Ludovico,Varfolomeev,lvarfolomeev21@exblog.jp,Male,24.166.5.122
75,Tess,Lippini,tlippini22@printfriendly.com,Female,21.96.154.185
76,Marya,Spitaro,mspitaro23@bandcamp.com,Female,26.47.12.161
77,Beaufort,Canizares,bcanizares24@biglobe.ne.jp,Male,96.48.88.238
78,Cornelius,Charlotte,ccharlotte25@google.fr,Male,81.249.216.59
79,Marty,Pulbrook,mpulbrook26@hud.gov,Female,118.64.107.185
80,Salem,Allone,sallone27@diigo.com,Male,19.213.227.0
81,Josee,Thrustle,jthrustle28@wunderground.com,Female,120.59.138.205
82,Othello,Wines,owines29@slate.com,Male,90.161.128.238
83,Udale,Davis,udavis2a@wordpress.org,Male,183.119.146.37
84,Correy,Pring,cpring2b@domainmarket.com,Male,200.81.223.175
85,Swen,Pilger,spilger2c@mit.edu,Male,16.90.181.107
86,Tania,Truggian,ttruggian2d@answers.com,Female,253.227.243.234
87,Corilla,Feldstern,cfeldstern2e@jiathis.com,Female,35.129.78.61
88,Walther,Fardy,wfardy2f@studiopress.com,Male,171.160.159.208
89,Michaeline,Lecky,mlecky2g@state.gov,Female,66.162.27.224
90,Reine,Harker,rharker2h@weibo.com,Female,42.226.110.159
91,Lynnet,MacFadzan,lmacfadzan2i@dropbox.com,Female,173.200.177.142
92,Stillman,Ferroli,sferroli2j@techcrunch.com,Male,230.95.214.192
93,Ninette,Scapelhorn,nscapelhorn2k@aol.com,Female,137.196.3.251
94,Lucita,Scarse,lscarse2l@de.vu,Female,123.19.40.231
95,Gale,Spurritt,gspurritt2m@va.gov,Male,14.2.184.202
96,Giacomo,Mather,gmather2n@netvibes.com,Male,233.114.157.115
97,Gian,Bagott,gbagott2o@ucsd.edu,Male,23.238.173.209
98,Joye,Dicker,jdicker2p@cornell.edu,Female,113.121.180.240
99,Trever,Weekly,tweekly2q@ow.ly,Male,137.12.24.20
100,Concordia,Cossans,ccossans2r@va.gov,Female,14.79.239.39
101,Danyette,Burk,dburk2s@multiply.com,Female,6.12.154.129
102,Gabie,Daymont,gdaymont2t@paypal.com,Female,111.5.114.218
103,Joy,Scole,jscole2u@mashable.com,Female,176.43.154.197
104,Arlinda,Colegrove,acolegrove2v@xing.com,Female,187.63.161.134
105,Ynes,Wolffers,ywolffers2w@amazonaws.com,Female,104.66.34.77
106,Ozzie,Corzon,ocorzon2x@shop-pro.jp,Male,89.20.5.215
107,Merrilee,Flucker,mflucker2y@princeton.edu,Female,54.124.88.104
108,Edd,Woollcott,ewoollcott2z@wufoo.com,Male,246.58.105.203
109,Ella,Tessington,etessington30@cyberchimps.com,Female,231.82.99.52
110,Yule,Bisgrove,ybisgrove31@about.me,Male,20.150.96.58
111,Nancey,Livingstone,nlivingstone32@cbslocal.com,Female,176.154.152.1
112,Ken,Helkin,khelkin33@bandcamp.com,Male,154.1.19.2
113,Beltran,Pexton,bpexton34@ask.com,Male,82.27.222.99
114,Wilfred,Walkling,wwalkling35@alexa.com,Male,209.106.112.78
115,Ripley,Bentje,rbentje36@cmu.edu,Male,175.185.88.4
116,Dael,Dutt,ddutt37@umich.edu,Female,226.170.175.1
117,Hadrian,Metheringham,hmetheringham38@homestead.com,Male,190.122.116.243
118,Ileane,Corballis,icorballis39@dot.gov,Female,29.211.229.179
119,Rey,Warcop,rwarcop3a@businessweek.com,Male,110.161.121.208
120,Morgun,Tydd,mtydd3b@constantcontact.com,Male,113.243.51.255
121,Lizabeth,Farryan,lfarryan3c@pinterest.com,Female,180.105.199.180
122,Emmye,Gunnell,egunnell3d@cdc.gov,Female,247.229.51.27
123,Ash,Trowler,atrowler3e@domainmarket.com,Male,197.200.29.222
124,Lin,Ledwith,lledwith3f@list-manage.com,Male,123.73.172.146
125,Ellis,Raund,eraund3g@soundcloud.com,Male,84.64.2.42
126,Violet,Gogie,vgogie3h@tamu.edu,Female,240.224.85.88
127,Had,Schelle,hschelle3i@columbia.edu,Male,89.17.92.196
128,Kirsten,Gutherson,kgutherson3j@addthis.com,Female,126.172.243.36
129,Graig,Maplethorpe,gmaplethorpe3k@usgs.gov,Male,207.188.39.20
130,Neda,Chate,nchate3l@so-net.ne.jp,Female,29.166.93.81
131,Nadya,Whiteoak,nwhiteoak3m@ebay.com,Female,237.102.62.0
132,Brok,Eland,beland3n@illinois.edu,Male,58.71.123.185
133,Chantal,Gonzalez,cgonzalez3o@bandcamp.com,Female,152.158.150.145
134,Seumas,Cammack,scammack3p@360.cn,Male,158.242.218.89
135,Tripp,Davids,tdavids3q@patch.com,Male,249.114.120.186
136,Vite,Suttling,vsuttling3r@bizjournals.com,Male,184.185.176.240
137,Blondelle,Wasylkiewicz,bwasylkiewicz3s@amazon.co.uk,Female,109.50.94.188
138,Antony,Skipper,askipper3t@imdb.com,Male,135.7.230.94
139,Kip,Ferran,kferran3u@latimes.com,Female,81.134.87.20
140,Edee,Danaher,edanaher3v@unicef.org,Female,90.10.62.46
141,Brocky,Breawood,bbreawood3w@noaa.gov,Male,97.93.242.225
142,Lamont,Cuschieri,lcuschieri3x@state.gov,Male,99.139.56.158
143,Eustace,Wenban,ewenban3y@odnoklassniki.ru,Male,95.199.130.163
144,Delcine,Yurchishin,dyurchishin3z@apple.com,Female,28.162.99.243
145,Welbie,Holborn,wholborn40@jalbum.net,Male,127.173.251.85
146,Ladonna,Abrahart,labrahart41@naver.com,Female,124.242.204.240
147,Curtis,Thickin,cthickin42@cbc.ca,Male,229.51.144.104
148,Tabbi,Borland,tborland43@google.pl,Female,224.195.240.147
149,Stevy,Grimsdike,sgrimsdike44@tmall.com,Male,225.1.194.18
150,Marguerite,Worham,mworham45@va.gov,Female,223.226.204.81
151,Malissa,Dumblton,mdumblton46@list-manage.com,Female,125.156.164.219
152,Boniface,Hurton,bhurton47@csmonitor.com,Male,99.209.19.17
153,Natividad,Cummings,ncummings48@wikia.com,Female,226.99.87.232
154,Halsy,Roullier,hroullier49@yale.edu,Male,155.161.50.170
155,Prentiss,Eccersley,peccersley4a@microsoft.com,Male,196.238.89.253
156,Thorpe,Macek,tmacek4b@naver.com,Male,253.188.139.65
157,Chelsey,Joice,cjoice4c@opensource.org,Female,56.37.68.149
158,Charlotta,Smittoune,csmittoune4d@oracle.com,Female,234.113.126.232
159,Florette,Karlik,fkarlik4e@slate.com,Female,70.45.172.252
160,Farley,Shewring,fshewring4f@alibaba.com,Male,204.188.235.164
161,Erroll,Toderini,etoderini4g@symantec.com,Male,36.119.23.86
162,Amby,Huton,ahuton4h@skype.com,Male,112.18.40.4
163,Lynn,Leggitt,lleggitt4i@dot.gov,Female,125.194.251.185
164,Willabella,Stobbe,wstobbe4j@redcross.org,Female,246.8.223.211
165,Gerrie,Broad,gbroad4k@uiuc.edu,Male,108.10.66.40
166,Jan,Geach,jgeach4l@creativecommons.org,Female,170.122.106.131
167,Orsola,Josebury,ojosebury4m@bloomberg.com,Female,187.72.246.109
168,Heinrick,O'Hengerty,hohengerty4n@shareasale.com,Male,231.79.2.44
169,Ambros,Heater,aheater4o@delicious.com,Male,211.133.237.81
170,Niles,Morse,nmorse4p@t-online.de,Male,130.197.159.101
171,Cristina,Davenall,cdavenall4q@mediafire.com,Female,248.204.43.46
172,Tomas,Pennigar,tpennigar4r@ycombinator.com,Male,60.186.100.97
173,Nowell,Gisbye,ngisbye4s@stumbleupon.com,Male,228.69.82.180
174,Chad,Jeavons,cjeavons4t@vkontakte.ru,Male,55.228.113.51
175,Devi,Pargent,dpargent4u@netscape.com,Female,123.205.128.119
176,Shirlee,Bakey,sbakey4v@timesonline.co.uk,Female,107.169.50.236
177,Kath,Dockreay,kdockreay4w@disqus.com,Female,128.0.171.15
178,Sholom,Wakley,swakley4x@nydailynews.com,Male,216.90.209.138
179,Haskel,Dozdill,hdozdill4y@1688.com,Male,173.233.84.32
180,Marjy,Duhig,mduhig4z@so-net.ne.jp,Female,68.80.239.95
181,Lenette,Varian,lvarian50@vistaprint.com,Female,230.79.150.127
182,Fiona,Dovey,fdovey51@wp.com,Female,181.201.20.183
183,Kleon,Haggidon,khaggidon52@fc2.com,Male,21.63.133.73
184,Bambi,Tantrum,btantrum53@auda.org.au,Female,72.110.79.241
185,Silvester,Dogg,sdogg54@tripod.com,Male,142.159.151.65
186,Haleigh,Fellini,hfellini55@fc2.com,Female,113.90.194.161
187,Zahara,Glasper,zglasper56@google.es,Female,216.229.59.4
188,Hermy,Teale,hteale57@posterous.com,Male,191.125.22.157
189,Clementius,Lathleiffure,clathleiffure58@sbwire.com,Male,195.137.93.0
190,Herschel,Fetters,hfetters59@nhs.uk,Male,48.71.56.140
191,Jeddy,Hayland,jhayland5a@unblog.fr,Male,255.158.91.70
192,Chrissy,Waterson,cwaterson5b@google.com.br,Female,33.218.181.106
193,Edsel,Nazair,enazair5c@toplist.cz,Male,114.33.140.80
194,Adan,Iglesias,aiglesias5d@alexa.com,Female,30.235.203.171
195,Haskel,MacCosto,hmaccosto5e@virginia.edu,Male,9.240.173.195
196,Florence,Kite,fkite5f@moonfruit.com,Female,199.25.151.90
197,Llywellyn,Lowthorpe,llowthorpe5g@mac.com,Male,147.12.231.155
198,Vonny,Britnell,vbritnell5h@wikimedia.org,Female,68.60.194.172
199,Arte,Caddock,acaddock5i@loc.gov,Male,240.9.151.182
200,Theodor,Code,tcode5j@jigsy.com,Male,57.76.168.1
201,Skippy,Merrikin,smerrikin5k@e-recht24.de,Male,41.168.232.32
202,Baryram,Handaside,bhandaside5l@dropbox.com,Male,185.252.118.144
203,Natty,Philbrook,nphilbrook5m@cbsnews.com,Female,123.89.133.23
204,Averyl,Tomczynski,atomczynski5n@ucoz.ru,Female,189.226.125.121
205,Constantine,McDougald,cmcdougald5o@wsj.com,Male,57.52.118.142
206,Billye,Saturley,bsaturley5p@toplist.cz,Female,26.196.23.236
207,Merill,Finder,mfinder5q@people.com.cn,Male,143.115.143.104
208,Stafani,Wiltsher,swiltsher5r@bing.com,Female,195.122.38.113
209,Jazmin,Hubbucke,jhubbucke5s@ox.ac.uk,Female,226.212.79.16
210,Kendre,Legerton,klegerton5t@columbia.edu,Female,63.67.49.141
211,Bear,Bodham,bbodham5u@msn.com,Male,70.59.253.17
212,Geneva,Illem,gillem5v@netscape.com,Female,87.31.108.21
213,Christabella,Broadbere,cbroadbere5w@shinystat.com,Female,141.100.245.76
214,Harmon,Pearmain,hpearmain5x@loc.gov,Male,70.207.133.56
215,Gusti,Bradley,gbradley5y@webeden.co.uk,Female,195.107.186.109
216,Torre,Slocum,tslocum5z@technorati.com,Male,140.160.147.147
217,Marcos,Matches,mmatches60@networksolutions.com,Male,119.254.86.8
218,Luelle,Eadmeads,leadmeads61@ebay.co.uk,Female,188.180.96.213
219,Neddy,Roderigo,nroderigo62@craigslist.org,Male,246.184.184.111
220,Crista,Harower,charower63@bizjournals.com,Female,156.236.90.210
221,Zabrina,Sleightholme,zsleightholme64@reference.com,Female,162.226.34.103
222,Frazier,Spriddle,fspriddle65@jugem.jp,Male,220.81.105.28
223,Bard,Brotherhood,bbrotherhood66@aboutads.info,Male,153.134.76.141
224,Thaine,Romanski,tromanski67@google.fr,Male,54.46.79.214
225,Raimundo,Russo,rrusso68@epa.gov,Male,192.78.243.164
226,Alain,Weeds,aweeds69@scientificamerican.com,Male,214.141.92.170
227,Obediah,Brechin,obrechin6a@printfriendly.com,Male,54.92.111.85
228,Lorelle,Swiers,lswiers6b@webnode.com,Female,135.224.25.215
229,Peta,Sesser,psesser6c@t-online.de,Female,44.50.226.195
230,Sully,Scaplehorn,sscaplehorn6d@hud.gov,Male,59.45.78.125
231,Lizabeth,MacKimmie,lmackimmie6e@nytimes.com,Female,89.69.229.243
232,Cass,Scirman,cscirman6f@ibm.com,Male,209.76.84.76
233,Willette,Partener,wpartener6g@yale.edu,Female,239.110.11.192
234,Saunders,Hatrick,shatrick6h@smh.com.au,Male,172.24.122.140
235,Herschel,Wesker,hwesker6i@smugmug.com,Male,94.213.78.117
236,Read,Cooksey,rcooksey6j@bandcamp.com,Male,200.184.235.212
237,Pearline,Meale,pmeale6k@earthlink.net,Female,215.176.236.23
238,Bronny,Bizzey,bbizzey6l@cbc.ca,Male,93.130.145.68
239,Isadore,Klagge,iklagge6m@shutterfly.com,Male,114.130.99.197
240,Mayne,Spadari,mspadari6n@dyndns.org,Male,46.106.218.210
241,Krishnah,Fountaine,kfountaine6o@delicious.com,Male,255.247.157.253
242,Quintana,Alfonzo,qalfonzo6p@dot.gov,Female,42.252.38.17
243,Billye,Kees,bkees6q@army.mil,Female,210.202.161.183
244,Rozella,Fauning,rfauning6r@ning.com,Female,171.110.185.3
245,Yetty,Chewter,ychewter6s@github.com,Female,230.134.90.229
246,Missie,Cortnay,mcortnay6t@bing.com,Female,171.227.63.157
247,Vinny,O'Kieran,vokieran6u@ezinearticles.com,Female,189.118.53.85
248,Joyan,Lesaunier,jlesaunier6v@timesonline.co.uk,Female,53.82.228.243
249,Thea,Yurinov,tyurinov6w@mtv.com,Female,63.74.170.91
250,Kerwin,Camacke,kcamacke6x@cargocollective.com,Male,112.122.68.88
251,Donnie,Ivashinnikov,divashinnikov6y@scribd.com,Male,191.29.247.234
252,Rikki,Thombleson,rthombleson6z@mapquest.com,Female,105.94.235.144
253,Shelly,Bernth,sbernth70@indiatimes.com,Female,130.255.39.224
254,Gisella,Eriksson,geriksson71@irs.gov,Female,74.56.132.25
255,Maia,Wiltshier,mwiltshier72@51.la,Female,247.233.120.243
256,Vonnie,Ullyott,vullyott73@thetimes.co.uk,Female,47.25.8.162
257,Riccardo,Hoyer,rhoyer74@rambler.ru,Male,42.210.223.232
258,Teddy,Olphert,tolphert75@nyu.edu,Female,71.9.97.180
259,Jo,Haughton,jhaughton76@hostgator.com,Male,154.32.218.156
260,Barbara,Raysdale,braysdale77@deliciousdays.com,Female,179.214.25.8
261,Rennie,Dayment,rdayment78@jugem.jp,Female,134.209.38.241
262,Faustina,Tows,ftows79@wufoo.com,Female,58.18.23.42
263,Lizette,Stinton,lstinton7a@about.me,Female,5.227.214.114
264,Barris,Brass,bbrass7b@hp.com,Male,130.188.212.27
265,Inger,Genthner,igenthner7c@psu.edu,Female,113.17.176.67
266,Irwinn,MacHoste,imachoste7d@paginegialle.it,Male,164.214.10.50
267,Terri-jo,Kelly,tkelly7e@umn.edu,Female,92.43.28.203
268,Weylin,Horbath,whorbath7f@google.fr,Male,35.164.15.76
269,Immanuel,Minchi,iminchi7g@biglobe.ne.jp,Male,44.78.118.250
270,Edmon,Russi,erussi7h@berkeley.edu,Male,127.22.127.87
271,Harrison,Scopes,hscopes7i@sakura.ne.jp,Male,72.135.52.93
272,Larine,Stribbling,lstribbling7j@ow.ly,Female,231.201.181.235
273,Sharline,Gatsby,sgatsby7k@blogspot.com,Female,162.1.148.136
274,Ophelia,Udie,oudie7l@mtv.com,Female,11.49.181.205
275,Frasier,Scryne,fscryne7m@ucoz.ru,Male,230.233.95.90
276,Benoit,Almeida,balmeida7n@moonfruit.com,Male,173.255.69.87
277,Manuel,Spon,mspon7o@aboutads.info,Male,227.115.44.206
278,Rochette,Lighterness,rlighterness7p@angelfire.com,Female,218.249.138.9
279,Justen,Dooley,jdooley7q@shinystat.com,Male,62.52.55.77
280,Bethanne,Ubsdell,bubsdell7r@state.tx.us,Female,54.199.249.187
281,Margaretta,Zahor,mzahor7s@eventbrite.com,Female,242.139.33.34
282,Siward,Muckle,smuckle7t@bluehost.com,Male,50.80.149.84
283,Marylee,Royson,mroyson7u@blogs.com,Female,84.147.74.100
284,Henry,Jacmard,hjacmard7v@cbsnews.com,Male,5.101.35.145
285,Stefano,Beetlestone,sbeetlestone7w@engadget.com,Male,82.178.99.213
286,Shayne,Wilkin,swilkin7x@noaa.gov,Male,104.155.14.224
287,Wait,Greenier,wgreenier7y@odnoklassniki.ru,Male,129.72.47.17
288,Lia,Southcombe,lsouthcombe7z@moonfruit.com,Female,30.210.164.31
289,Mia,Bonds,mbonds80@biblegateway.com,Female,79.182.119.117
290,Teodoor,Somerville,tsomerville81@bizjournals.com,Male,195.162.30.181
291,Launce,Hibbart,lhibbart82@live.com,Male,155.179.123.208
292,Yanaton,Dennistoun,ydennistoun83@house.gov,Male,201.90.24.165
293,Maryjane,Rushman,mrushman84@i2i.jp,Female,162.195.232.22
294,Suzanna,Kilfoyle,skilfoyle85@buzzfeed.com,Female,85.216.76.31
295,Doti,Kropp,dkropp86@oakley.com,Female,169.52.241.199
296,Janeczka,Ruddoch,jruddoch87@t-online.de,Female,195.140.40.175
297,Aundrea,Mogridge,amogridge88@statcounter.com,Female,191.162.245.23
298,Marven,Pointin,mpointin89@eventbrite.com,Male,133.189.164.245
299,Kelci,Gibbard,kgibbard8a@over-blog.com,Female,165.110.154.150
300,Archer,Cubuzzi,acubuzzi8b@bravesites.com,Male,103.238.3.55
301,Rodolph,Minmagh,rminmagh8c@netlog.com,Male,66.72.55.151
302,Farica,Dennett,fdennett8d@tripadvisor.com,Female,220.10.88.154
303,Aloysia,Helleckas,ahelleckas8e@globo.com,Female,99.33.211.90
304,Amory,Monelli,amonelli8f@delicious.com,Male,157.249.246.137
305,Liesa,Greg,lgreg8g@google.de,Female,179.141.76.204
306,Nicolina,Diggons,ndiggons8h@merriam-webster.com,Female,33.132.232.84
307,Quincy,Maith,qmaith8i@multiply.com,Male,222.245.214.111
308,Tersina,MacWilliam,tmacwilliam8j@imdb.com,Female,48.168.82.74
309,Aldus,Dunston,adunston8k@prweb.com,Male,2.134.82.236
310,Gilbertina,Cornwell,gcornwell8l@gravatar.com,Female,2.126.199.84
311,Viviyan,Aylen,vaylen8m@blogs.com,Female,147.110.218.117
312,Colman,Bather,cbather8n@intel.com,Male,87.115.229.201
313,Norina,Bage,nbage8o@xinhuanet.com,Female,42.219.167.35
314,Martynne,Channon,mchannon8p@symantec.com,Female,204.127.220.230
315,Pepito,Ballintime,pballintime8q@npr.org,Male,148.13.59.4
316,Had,Dockery,hdockery8r@ask.com,Male,129.188.6.70
317,Cedric,Duns,cduns8s@cnbc.com,Male,71.178.172.228
318,Sergei,Cruz,scruz8t@ehow.com,Male,165.119.172.7
319,Carolus,Sexon,csexon8u@ucla.edu,Male,37.75.56.125
320,Angelica,Battell,abattell8v@hc360.com,Female,87.67.104.243
321,Tracee,Bingall,tbingall8w@sciencedaily.com,Female,162.102.216.55
322,Sherie,Perelli,sperelli8x@ifeng.com,Female,3.98.16.186
323,Tito,Turney,tturney8y@angelfire.com,Male,97.180.81.4
324,Mandy,Walewicz,mwalewicz8z@cpanel.net,Female,175.175.2.34
325,Skye,Pritty,spritty90@yellowbook.com,Male,78.114.82.130
326,Nikola,Coolbear,ncoolbear91@amazon.de,Male,184.135.139.207
327,Essie,Dummigan,edummigan92@cpanel.net,Female,6.83.102.223
328,Tuesday,Flacknoe,tflacknoe93@usda.gov,Female,119.109.21.152
329,Evelin,Rourke,erourke94@dmoz.org,Male,124.148.195.193
330,Wallace,Eslemont,weslemont95@g.co,Male,155.122.27.74
331,Roslyn,Wohler,rwohler96@lulu.com,Female,27.163.103.102
332,Annamarie,Lorraine,alorraine97@livejournal.com,Female,189.109.199.167
333,Carmella,Adrianello,cadrianello98@bloglines.com,Female,241.112.99.64
334,Pernell,Mayoral,pmayoral99@nature.com,Male,193.156.189.202
335,Bern,Simonetti,bsimonetti9a@skype.com,Male,147.50.67.229
336,Fawn,Carneck,fcarneck9b@canalblog.com,Female,109.49.97.129
337,Ian,Drake,idrake9c@sakura.ne.jp,Male,198.21.78.148
338,Hal,Larkby,hlarkby9d@nydailynews.com,Male,189.129.136.98
339,Araldo,Collyer,acollyer9e@princeton.edu,Male,33.21.134.59
340,Evangelin,Littrell,elittrell9f@google.com,Female,18.58.150.147
341,Hunt,Bulloch,hbulloch9g@wikimedia.org,Male,100.84.227.137
342,Ariela,Linck,alinck9h@go.com,Female,186.44.45.241
343,Corbet,Sleford,csleford9i@slashdot.org,Male,186.243.219.11
344,Pate,Girkins,pgirkins9j@tiny.cc,Male,196.217.254.191
345,Kevin,Danilyuk,kdanilyuk9k@un.org,Male,28.235.209.15
346,Stephanus,Kestian,skestian9l@biglobe.ne.jp,Male,204.48.93.232
347,Teddy,Smedley,tsmedley9m@typepad.com,Male,14.102.41.216
348,Clotilda,Hill,chill9n@nifty.com,Female,112.23.200.253
349,Hatty,Lemanu,hlemanu9o@utexas.edu,Female,20.196.175.16
350,Amby,Sawrey,asawrey9p@php.net,Male,180.30.27.89
351,Aharon,Soda,asoda9q@hubpages.com,Male,227.150.226.168
352,Delia,Stairs,dstairs9r@storify.com,Female,34.239.128.91
353,Halli,Zanassi,hzanassi9s@ed.gov,Female,18.135.140.111
354,Barron,Bracci,bbracci9t@blogs.com,Male,54.157.132.102
355,Reeba,Canedo,rcanedo9u@xing.com,Female,27.103.194.12
356,Rriocard,Marchi,rmarchi9v@feedburner.com,Male,247.176.20.109
357,Darlleen,Sigmund,dsigmund9w@prnewswire.com,Female,191.214.252.103
358,Major,Moffatt,mmoffatt9x@live.com,Male,178.4.85.187
359,Dawna,Arnal,darnal9y@ucoz.com,Female,148.126.69.219
360,Kiley,McGrill,kmcgrill9z@ebay.com,Female,97.2.103.84
361,Devinne,Dublin,ddublina0@blog.com,Female,184.208.208.175
362,Neville,Battams,nbattamsa1@theatlantic.com,Male,73.200.185.109
363,Lorita,Darrigrand,ldarrigranda2@blinklist.com,Female,108.38.241.37
364,Major,Aaron,maarona3@usgs.gov,Male,53.188.48.193
365,Ame,Cloonan,acloonana4@squarespace.com,Female,53.255.148.211
366,Talia,Jinkins,tjinkinsa5@rambler.ru,Female,18.107.163.174
367,Kath,Moynham,kmoynhama6@marketwatch.com,Female,200.160.252.50
368,Cordy,Forsythe,cforsythea7@ftc.gov,Male,251.56.67.65
369,Rosabelle,Wilcott,rwilcotta8@gmpg.org,Female,92.92.238.250
370,Jaye,Gillow,jgillowa9@statcounter.com,Male,47.2.149.141
371,Maurene,Sergeaunt,msergeauntaa@feedburner.com,Female,64.133.76.225
372,Currie,Lundon,clundonab@mediafire.com,Male,4.249.92.61
373,Jeffie,Merle,jmerleac@e-recht24.de,Male,120.172.49.17
374,Vanessa,Dawbery,vdawberyad@rambler.ru,Female,196.247.111.9
375,Morlee,Britee,mbriteeae@japanpost.jp,Male,95.214.42.166
376,Vanya,Dickson,vdicksonaf@networkadvertising.org,Male,147.0.141.232
377,Marybelle,Suttell,msuttellag@sphinn.com,Female,155.207.251.139
378,Nikoletta,Crowthe,ncrowtheah@xing.com,Female,23.211.209.226
379,Aurore,Nimmo,animmoai@ihg.com,Female,170.81.140.23
380,Madeleine,Thonger,mthongeraj@hatena.ne.jp,Female,146.154.162.114
381,Henrie,Pennuzzi,hpennuzziak@marriott.com,Female,155.186.135.97
382,Hymie,Tiddy,htiddyal@cbc.ca,Male,190.102.184.136
383,Tobey,McClinton,tmcclintonam@cnet.com,Female,142.26.231.37
384,Brandon,Paroni,bparonian@discuz.net,Male,248.172.33.49
385,Trudy,Colhoun,tcolhounao@answers.com,Female,18.60.145.172
386,Becka,Rahill,brahillap@histats.com,Female,206.90.169.244
387,Allin,Freke,afrekeaq@4shared.com,Male,207.200.119.30
388,Binni,Emerson,bemersonar@cornell.edu,Female,65.45.16.182
389,Elbertina,Trustram,etrustramas@dell.com,Female,147.94.207.85
390,Caritta,Calwell,ccalwellat@prnewswire.com,Female,56.1.208.14
391,Storm,McMackin,smcmackinau@phoca.cz,Female,160.132.229.18
392,Dion,Tremellan,dtremellanav@aol.com,Male,30.137.150.122
393,Sigismond,Chifney,schifneyaw@123-reg.co.uk,Male,215.109.143.5
394,Regina,Gaze,rgazeax@flickr.com,Female,187.247.30.211
395,Melany,Beldum,mbeldumay@pinterest.com,Female,34.119.158.79
396,Joana,Souch,jsouchaz@histats.com,Female,207.89.175.43
397,Odille,Sandle,osandleb0@nps.gov,Female,92.71.232.197
398,Ariel,Beseke,abesekeb1@indiatimes.com,Male,54.186.62.133
399,Jarrett,Strutz,jstrutzb2@hao123.com,Male,222.221.153.99
400,Daven,Ferrie,dferrieb3@arizona.edu,Male,57.113.163.13
401,Colan,Kenforth,ckenforthb4@google.ru,Male,106.244.161.254
402,Arlee,MacBarron,amacbarronb5@google.co.uk,Female,90.183.158.198
403,Isidore,Keenleyside,ikeenleysideb6@google.com,Male,61.204.205.184
404,Alwyn,Pluck,apluckb7@marketwatch.com,Male,4.191.64.224
405,Wenonah,Berger,wbergerb8@gravatar.com,Female,133.97.50.57
406,Dix,Rembrant,drembrantb9@shutterfly.com,Female,143.197.159.226
407,Flint,Okenfold,fokenfoldba@sakura.ne.jp,Male,216.0.98.136
408,Garry,Benito,gbenitobb@over-blog.com,Male,66.110.242.134
409,Thane,Houson,thousonbc@usda.gov,Male,63.24.237.248
410,Willabella,Scranney,wscranneybd@ft.com,Female,248.29.123.37
411,Rachael,Argue,rarguebe@hugedomains.com,Female,7.84.71.90
412,Trenton,Vanini,tvaninibf@amazonaws.com,Male,80.255.217.106
413,Porty,McKintosh,pmckintoshbg@si.edu,Male,229.120.249.75
414,Anton,Dusting,adustingbh@reuters.com,Male,173.177.240.19
415,Michaela,Howitt,mhowittbi@google.ru,Female,174.114.133.239
416,Owen,Dunkerley,odunkerleybj@nyu.edu,Male,140.193.29.118
417,Wynn,Handrock,whandrockbk@issuu.com,Male,160.198.89.252
418,Kendra,Kalkofer,kkalkoferbl@boston.com,Female,164.112.8.39
419,Sholom,McCluskey,smccluskeybm@constantcontact.com,Male,59.53.39.123
420,Vally,Heare,vhearebn@boston.com,Female,72.218.255.93
421,Odie,Bownde,obowndebo@gov.uk,Male,5.252.243.177
422,Rice,Cirlos,rcirlosbp@psu.edu,Male,103.46.159.140
423,Vinny,Derdes,vderdesbq@uiuc.edu,Male,25.71.102.253
424,Sidnee,Jolliffe,sjolliffebr@bloglines.com,Male,53.240.81.30
425,Ros,Oakenford,roakenfordbs@cnn.com,Female,72.54.133.104
426,Pet,Fish,pfishbt@about.com,Female,208.84.92.130
427,Sharl,Mackrill,smackrillbu@google.nl,Female,173.235.201.188
428,Tobe,MacGragh,tmacgraghbv@ycombinator.com,Female,92.34.203.97
429,Babb,Melland,bmellandbw@soundcloud.com,Female,104.172.91.219
430,Paule,Guilbert,pguilbertbx@surveymonkey.com,Female,89.129.144.237
431,Audrie,Blader,abladerby@unc.edu,Female,55.57.101.146
432,Sayre,Peacocke,speacockebz@usda.gov,Male,246.202.102.217
433,Othella,Cawthron,ocawthronc0@ft.com,Female,2.227.41.119
434,Hermine,Grocock,hgrocockc1@dyndns.org,Female,1.184.67.135
435,Paxton,O'Cosgra,pocosgrac2@telegraph.co.uk,Male,14.11.199.102
436,Agace,Sturney,asturneyc3@msn.com,Female,135.173.220.84
437,Izaak,Korting,ikortingc4@google.fr,Male,77.213.243.130
438,Lurleen,McCaster,lmccasterc5@myspace.com,Female,194.239.93.131
439,Wiatt,Grayshan,wgrayshanc6@ed.gov,Male,251.58.220.121
440,Tommy,Armytage,tarmytagec7@arstechnica.com,Female,54.111.200.192
441,Douglass,Perez,dperezc8@example.com,Male,145.46.237.97
442,Noellyn,Notti,nnottic9@gnu.org,Female,59.163.102.82
443,Elsa,Pococke,epocockeca@infoseek.co.jp,Female,54.2.126.211
444,Shermie,Collet,scolletcb@imdb.com,Male,51.166.35.235
445,Olympie,Drewson,odrewsoncc@friendfeed.com,Female,96.151.126.233
446,Rudiger,O'Scollain,roscollaincd@arizona.edu,Male,144.51.36.67
447,Maisey,Athow,mathowce@slashdot.org,Female,107.178.220.232
448,Archibold,Wasmuth,awasmuthcf@tumblr.com,Male,249.126.224.70
449,Imogene,Maddrah,imaddrahcg@google.ru,Female,153.172.148.107
450,Eilis,Conn,econnch@boston.com,Female,224.38.113.112
451,Jarib,Nicholl,jnichollci@booking.com,Male,144.117.39.60
452,Flynn,Baumaier,fbaumaiercj@sbwire.com,Male,188.48.6.79
453,Corinne,McGeady,cmcgeadyck@princeton.edu,Female,53.253.166.39
454,Joyce,Ferrer,jferrercl@telegraph.co.uk,Female,252.26.231.59
455,Boonie,Schaumann,bschaumanncm@baidu.com,Male,123.29.239.164
456,Lucy,Bente,lbentecn@goo.gl,Female,129.50.29.174
457,Bealle,Dudgeon,bdudgeonco@wikia.com,Male,101.47.204.48
458,Terrell,Stormouth,tstormouthcp@i2i.jp,Male,62.9.137.199
459,Maynard,Goadsby,mgoadsbycq@behance.net,Male,239.69.98.65
460,Patrizius,Ferreiro,pferreirocr@youtube.com,Male,27.26.69.165
461,Melva,Sloey,msloeycs@about.com,Female,225.135.150.9
462,Keriann,Attack,kattackct@un.org,Female,172.113.240.135
463,Quillan,Dammarell,qdammarellcu@theguardian.com,Male,33.247.71.147
464,Ryon,Ringwood,rringwoodcv@dmoz.org,Male,143.196.141.207
465,Elvira,Ovise,eovisecw@slate.com,Female,4.48.117.187
466,Gabriello,Vegas,gvegascx@eventbrite.com,Male,198.253.1.162
467,Alejandro,Braidwood,abraidwoodcy@usda.gov,Male,217.154.32.238
468,Daloris,Elder,deldercz@flavors.me,Female,56.158.28.49
469,Eric,Verma,evermad0@rediff.com,Male,119.18.119.175
470,Madella,Ivasyushkin,mivasyushkind1@about.me,Female,185.247.59.154
471,Mel,Crisp,mcrispd2@typepad.com,Female,189.88.67.164
472,Davis,Vasey,dvaseyd3@yellowbook.com,Male,114.162.34.214
473,Godfree,Vaun,gvaund4@wired.com,Male,21.38.224.184
474,Pieter,Pegden,ppegdend5@stumbleupon.com,Male,189.72.65.76
475,Cecile,Andrysiak,candrysiakd6@tripadvisor.com,Female,96.158.237.152
476,Marius,Vardey,mvardeyd7@mediafire.com,Male,239.188.1.95
477,Edy,Slimming,eslimmingd8@plala.or.jp,Female,226.241.30.126
478,Terence,Mirando,tmirandod9@globo.com,Male,194.241.214.53
479,Alain,Belfrage,abelfrageda@goo.ne.jp,Male,117.18.138.163
480,Kathye,Arnaudon,karnaudondb@cnet.com,Female,71.255.18.222
481,Hieronymus,Keave,hkeavedc@mysql.com,Male,128.221.189.46
482,Selestina,Neighbour,sneighbourdd@bigcartel.com,Female,145.71.109.203
483,Josiah,Beagen,jbeagende@indiegogo.com,Male,166.179.140.152
484,Krista,Ferrelli,kferrellidf@miitbeian.gov.cn,Female,219.222.93.102
485,Billie,Staddart,bstaddartdg@tinyurl.com,Female,186.22.226.114
486,Margaretha,Ashmole,mashmoledh@hibu.com,Female,137.202.157.117
487,Nadia,Goodband,ngoodbanddi@xinhuanet.com,Female,166.60.200.198
488,Keefer,Jandel,kjandeldj@huffingtonpost.com,Male,12.119.42.85
489,Perrine,Barlass,pbarlassdk@imageshack.us,Female,241.215.230.180
490,Bobbee,McClosh,bmccloshdl@omniture.com,Female,5.160.109.125
491,Theodosia,Langston,tlangstondm@nationalgeographic.com,Female,196.77.145.234
492,Darcie,Cyseley,dcyseleydn@surveymonkey.com,Female,72.157.158.33
493,Marsh,Frandsen,mfrandsendo@google.fr,Male,52.106.26.76
494,Creight,Simants,csimantsdp@shareasale.com,Male,1.203.239.155
495,Phil,Dumbrill,pdumbrilldq@irs.gov,Male,129.237.225.93
496,Gualterio,Willerson,gwillersondr@ning.com,Male,61.137.31.25
497,Thor,Jays,tjaysds@com.com,Male,35.82.57.218
498,Nilson,Alyukin,nalyukindt@intel.com,Male,248.251.156.165
499,Saul,Varnham,svarnhamdu@woothemes.com,Male,67.247.0.213
500,Esmeralda,MacAlpyne,emacalpynedv@reverbnation.com,Female,140.13.80.165
501,Marten,Methley,mmethleydw@amazon.co.jp,Male,168.22.213.141
502,Elihu,Seggie,eseggiedx@acquirethisname.com,Male,128.85.188.29
503,Babara,Bisset,bbissetdy@boston.com,Female,158.238.156.190
504,Ashlie,Skuce,askucedz@answers.com,Female,247.172.184.187
505,Lib,Stukings,lstukingse0@tumblr.com,Female,178.156.22.207
506,Rana,Grove,rgrovee1@odnoklassniki.ru,Female,200.227.255.45
507,Madelena,Gussie,mgussiee2@ftc.gov,Female,231.227.177.17
508,Neala,Tidswell,ntidswelle3@java.com,Female,58.166.222.209
509,Joyous,Reyner,jreynere4@sciencedirect.com,Female,26.140.57.197
510,Wernher,MacKey,wmackeye5@hud.gov,Male,113.161.96.29
511,Cathy,Keats,ckeatse6@aol.com,Female,125.152.108.149
512,Regine,Volonte,rvolontee7@mashable.com,Female,99.249.178.5
513,Hunfredo,Wateridge,hwateridgee8@flavors.me,Male,32.86.227.92
514,Jessi,Whitesel,jwhitesele9@sohu.com,Female,250.226.60.33
515,Sterling,Tett,stettea@digg.com,Male,137.208.81.31
516,Nikolia,St. Leger,nstlegereb@homestead.com,Female,242.96.19.219
517,Latrena,McAuslan,lmcauslanec@wix.com,Female,109.242.98.86
518,Isidor,Brusby,ibrusbyed@deliciousdays.com,Male,177.86.97.44
519,Rosa,Furse,rfurseee@opensource.org,Female,132.78.62.26
520,Andee,Westby,awestbyef@forbes.com,Female,167.233.210.130
521,Domenico,Twinberrow,dtwinberroweg@ed.gov,Male,51.185.33.118
522,Vanna,Grellis,vgrelliseh@eepurl.com,Female,126.210.87.190
523,Glen,Butterfint,gbutterfintei@bizjournals.com,Female,14.232.71.253
524,Elicia,Rhead,erheadej@oracle.com,Female,235.218.238.102
525,Zebedee,Goreisr,zgoreisrek@privacy.gov.au,Male,132.195.79.230
526,Claudian,Asel,caselel@accuweather.com,Male,112.35.17.44
527,Louisa,Tourot,ltourotem@usnews.com,Female,122.83.46.187
528,Lorens,Grishukhin,lgrishukhinen@who.int,Male,186.208.55.140
529,Carlotta,Colbrun,ccolbruneo@oakley.com,Female,37.99.69.169
530,Alejandro,Bolland,abollandep@diigo.com,Male,186.175.20.112
531,Barret,Gyford,bgyfordeq@about.com,Male,123.214.240.125
532,Essa,Whetson,ewhetsoner@bloomberg.com,Female,86.7.250.160
533,Hakeem,Abbiss,habbisses@dropbox.com,Male,204.216.5.26
534,Ulric,Slessar,uslessaret@tuttocitta.it,Male,222.123.125.168
535,Hedwiga,Snap,hsnapeu@hexun.com,Female,51.225.123.41
536,Casi,MacGillespie,cmacgillespieev@discuz.net,Female,174.55.189.172
537,Gae,Hawkwood,ghawkwoodew@taobao.com,Female,5.214.40.115
538,Renate,Halsted,rhalstedex@state.gov,Female,102.177.219.19
539,Dynah,Eliasson,deliassoney@ucoz.ru,Female,179.222.1.243
540,Frannie,Mebs,fmebsez@cyberchimps.com,Male,119.153.163.85
541,Bryce,Dagnan,bdagnanf0@cargocollective.com,Male,247.143.51.131
542,Mile,Mainds,mmaindsf1@usa.gov,Male,197.202.79.171
543,Natty,Cowdrey,ncowdreyf2@nationalgeographic.com,Male,114.74.11.1
544,Tillie,Lowson,tlowsonf3@csmonitor.com,Female,178.17.72.118
545,Rivkah,Chetwind,rchetwindf4@earthlink.net,Female,69.222.47.120
546,Lars,Philippsohn,lphilippsohnf5@imageshack.us,Male,74.243.229.37
547,Muffin,Yter,myterf6@unblog.fr,Male,133.253.204.202
548,De,Cronshaw,dcronshawf7@qq.com,Female,73.19.106.174
549,Adel,Lambin,alambinf8@sbwire.com,Female,173.214.206.254
550,Rea,Cutteridge,rcutteridgef9@geocities.com,Female,251.184.105.250
551,Curry,Verbeke,cverbekefa@istockphoto.com,Male,65.161.7.116
552,Olivia,Vaan,ovaanfb@pbs.org,Female,125.143.176.222
553,Wilma,Bromont,wbromontfc@utexas.edu,Female,241.206.94.229
554,Hilary,Gibbe,hgibbefd@rediff.com,Male,59.19.82.175
555,Price,Forrington,pforringtonfe@moonfruit.com,Male,208.75.56.160
556,Wallis,Ballach,wballachff@un.org,Female,128.27.28.159
557,Camila,Frankiss,cfrankissfg@1und1.de,Female,181.213.159.213
558,Dirk,Whorton,dwhortonfh@columbia.edu,Male,230.61.254.87
559,Guntar,Dickenson,gdickensonfi@flavors.me,Male,248.56.217.236
560,Lorraine,Rickerd,lrickerdfj@flavors.me,Female,110.118.49.226
561,Lesli,Barlass,lbarlassfk@tmall.com,Female,36.27.166.226
562,Tabby,Faivre,tfaivrefl@4shared.com,Male,130.48.12.130
563,Luciana,Bruneau,lbruneaufm@utexas.edu,Female,18.37.222.166
564,Quincy,Atkinson,qatkinsonfn@hp.com,Male,110.146.17.134
565,Robby,Bickmore,rbickmorefo@ehow.com,Female,136.212.17.184
566,Maynard,Wordley,mwordleyfp@narod.ru,Male,34.77.54.60
567,Kerby,Gutcher,kgutcherfq@disqus.com,Male,227.135.74.143
568,Rozamond,Laborda,rlabordafr@usgs.gov,Female,97.126.201.77
569,Giles,Mirrlees,gmirrleesfs@dot.gov,Male,74.12.190.143
570,Sauncho,Trathen,strathenft@amazon.co.jp,Male,63.131.132.85
571,Howard,Garrood,hgarroodfu@earthlink.net,Male,123.251.129.141
572,Mortimer,Shears,mshearsfv@indiatimes.com,Male,67.60.84.110
573,Grayce,Lefort,glefortfw@macromedia.com,Female,114.243.112.139
574,Eadmund,Younghusband,eyounghusbandfx@huffingtonpost.com,Male,221.132.150.117
575,Rasla,Shortin,rshortinfy@columbia.edu,Female,70.200.48.244
576,Kacey,Haggett,khaggettfz@bloglines.com,Female,190.81.202.183
577,Lenee,Carlick,lcarlickg0@stumbleupon.com,Female,70.100.165.99
578,Sonny,Khosa,skhosag1@fotki.com,Female,183.159.241.99
579,Samaria,Brach,sbrachg2@msu.edu,Female,35.90.204.239
580,Gregorio,Agnolo,gagnolog3@nifty.com,Male,12.251.234.83
581,Abramo,Sara,asarag4@amazon.com,Male,254.45.55.19
582,Tanny,Windebank,twindebankg5@posterous.com,Male,125.186.111.198
583,Udell,Klimowicz,uklimowiczg6@guardian.co.uk,Male,134.91.36.185
584,Lila,Pellman,lpellmang7@discuz.net,Female,156.50.32.3
585,Andros,Comberbach,acomberbachg8@engadget.com,Male,161.50.82.23
586,Delbert,Rumke,drumkeg9@yahoo.co.jp,Male,78.132.134.7
587,Deva,Alaway,dalawayga@hhs.gov,Female,240.79.136.155
588,Boyd,Lindup,blindupgb@epa.gov,Male,27.87.125.20
589,Kirk,Cattellion,kcattelliongc@blogtalkradio.com,Male,156.28.119.4
590,Marcie,Lampet,mlampetgd@liveinternet.ru,Female,102.39.21.138
591,Cornela,Carabet,ccarabetge@joomla.org,Female,36.2.218.73
592,Layton,Boatright,lboatrightgf@utexas.edu,Male,123.71.68.29
593,Alvy,Grigorkin,agrigorkingg@trellian.com,Male,193.51.226.22
594,Lexis,Lightewood,llightewoodgh@bbc.co.uk,Female,17.200.27.244
595,Amii,Entissle,aentisslegi@oakley.com,Female,139.226.251.231
596,Cecilla,Coney,cconeygj@freewebs.com,Female,122.102.225.254
597,Noni,Gutteridge,ngutteridgegk@berkeley.edu,Female,225.150.111.179
598,Ulick,Bremmer,ubremmergl@stumbleupon.com,Male,239.15.116.187
599,Doralyn,Rottery,drotterygm@dailymotion.com,Female,77.36.152.210
600,Eilis,Gundrey,egundreygn@godaddy.com,Female,159.196.247.150
601,Adams,Nurny,anurnygo@hostgator.com,Male,132.88.198.11
602,Marcello,Ioannidis,mioannidisgp@cam.ac.uk,Male,101.133.219.49
603,Laura,Lorenc,llorencgq@usa.gov,Female,103.127.77.27
604,Ulrike,Giller,ugillergr@amazon.com,Female,252.117.190.124
605,Beret,Leirmonth,bleirmonthgs@digg.com,Female,180.201.190.88
606,Beverlee,Paullin,bpaullingt@webnode.com,Female,193.125.51.23
607,Brewer,Blackhall,bblackhallgu@telegraph.co.uk,Male,90.247.216.107
608,Cristy,Gauntlett,cgauntlettgv@de.vu,Female,20.115.103.255
609,Bale,Naismith,bnaismithgw@unesco.org,Male,214.245.35.178
610,Sibylla,Giffen,sgiffengx@dailymail.co.uk,Female,100.43.24.7
611,Noach,Kiendl,nkiendlgy@smugmug.com,Male,217.159.168.151
612,Kelley,Grimsdith,kgrimsdithgz@wunderground.com,Female,55.118.18.65
613,Ingunna,McLernon,imclernonh0@seattletimes.com,Female,105.116.110.199
614,Fredrick,Brock,fbrockh1@paypal.com,Male,82.167.216.199
615,Miranda,Alelsandrowicz,malelsandrowiczh2@wikispaces.com,Female,147.11.53.184
616,Brand,Gilman,bgilmanh3@google.cn,Male,238.80.112.118
617,Reece,Smorthwaite,rsmorthwaiteh4@deliciousdays.com,Male,219.117.11.20
618,Brigitta,Bartolic,bbartolich5@pen.io,Female,149.174.78.18
619,Liliane,Mate,lmateh6@goo.ne.jp,Female,200.100.60.84
620,Lodovico,Mulryan,lmulryanh7@state.gov,Male,152.15.246.95
621,Davidson,Lutz,dlutzh8@google.it,Male,127.122.2.42
622,Chelsie,Crank,ccrankh9@ezinearticles.com,Female,170.126.151.58
623,John,Bladesmith,jbladesmithha@go.com,Male,200.195.154.85
624,Layney,Poppy,lpoppyhb@youtube.com,Female,34.204.72.102
625,Sydelle,Gages,sgageshc@intel.com,Female,161.73.145.12
626,Kris,Hamly,khamlyhd@constantcontact.com,Female,175.218.112.99
627,Bobbie,Spuffard,bspuffardhe@sogou.com,Female,20.61.204.201
628,Nicolle,Gravy,ngravyhf@paginegialle.it,Female,208.69.129.154
629,Bradford,Canape,bcanapehg@163.com,Male,7.72.198.118
630,Lindsey,Grainger,lgraingerhh@digg.com,Female,246.188.108.92
631,Rochella,Hammerstone,rhammerstonehi@g.co,Female,108.112.143.170
632,Iolanthe,Broxup,ibroxuphj@pbs.org,Female,177.47.197.32
633,Dick,Vardy,dvardyhk@feedburner.com,Male,244.168.29.55
634,Markus,Darlasson,mdarlassonhl@foxnews.com,Male,233.251.167.149
635,Geoff,Wandtke,gwandtkehm@geocities.com,Male,251.4.212.97
636,Tabbie,Gerard,tgerardhn@disqus.com,Male,158.158.105.23
637,Fee,Dury,fduryho@google.cn,Male,62.18.141.211
638,Lisle,Coneybeer,lconeybeerhp@altervista.org,Male,116.34.210.66
639,Osbert,Bugden,obugdenhq@1und1.de,Male,3.152.164.48
640,Corilla,Mival,cmivalhr@163.com,Female,3.85.208.78
641,Barn,Shillabeer,bshillabeerhs@nih.gov,Male,247.158.165.17
642,Emma,Husk,ehuskht@storify.com,Female,155.196.194.159
643,Mile,Ferres,mferreshu@washingtonpost.com,Male,246.125.83.83
644,Olly,Erley,oerleyhv@businesswire.com,Female,5.37.44.196
645,Darby,Fairnington,dfairningtonhw@pcworld.com,Male,18.63.106.232
646,Blakeley,Monnery,bmonneryhx@de.vu,Female,26.214.131.134
647,Fletch,Gallard,fgallardhy@stumbleupon.com,Male,50.20.108.158
648,Balduin,Kendle,bkendlehz@usda.gov,Male,106.164.228.119
649,Jodi,Caville,jcavillei0@uiuc.edu,Female,7.155.85.124
650,Cherlyn,Yglesia,cyglesiai1@digg.com,Female,220.28.86.140
651,Tobias,Liepmann,tliepmanni2@cisco.com,Male,227.56.51.202
652,Francisco,Emms,femmsi3@mapquest.com,Male,66.196.118.107
653,Vonny,Ciobotaru,vciobotarui4@simplemachines.org,Female,94.118.95.60
654,Jazmin,Scola,jscolai5@dmoz.org,Female,41.218.64.110
655,Yul,Colleford,ycollefordi6@free.fr,Male,30.246.156.109
656,Brigham,Christiensen,bchristienseni7@quantcast.com,Male,120.186.159.99
657,Rudie,Antrum,rantrumi8@google.es,Male,22.68.117.235
658,Saundra,Minget,smingeti9@adobe.com,Male,243.38.180.102
659,Ripley,Rountree,rrountreeia@bbc.co.uk,Male,23.231.243.246
660,Harlen,Cana,hcanaib@moonfruit.com,Male,199.249.180.208
661,Chico,Priddle,cpriddleic@guardian.co.uk,Male,68.237.69.204
662,Jere,Roumier,jroumierid@time.com,Female,90.70.74.236
663,Victoir,Clapperton,vclappertonie@canalblog.com,Male,220.139.241.144
664,Care,Aylett,caylettif@alexa.com,Male,54.227.25.121
665,Kynthia,De Launde,kdelaundeig@rediff.com,Female,39.154.12.230
666,Vicki,Craighead,vcraigheadih@ed.gov,Female,147.87.37.200
667,Archibold,Hucquart,ahucquartii@dailymail.co.uk,Male,20.154.106.103
668,Lorry,Gordon,lgordonij@state.gov,Female,65.121.32.15
669,Freemon,Sibylla,fsibyllaik@weibo.com,Male,187.170.18.20
670,Dario,Ketcher,dketcheril@facebook.com,Male,115.50.220.34
671,Dionis,Huke,dhukeim@behance.net,Female,103.237.18.190
672,Andy,Tanser,atanserin@taobao.com,Male,156.232.216.140
673,Haze,Hendrichs,hhendrichsio@angelfire.com,Male,199.90.242.196
674,Jed,Jacomb,jjacombip@digg.com,Male,181.203.103.223
675,Jethro,Verson,jversoniq@opera.com,Male,66.20.192.198
676,Ashton,Stiger,astigerir@mysql.com,Male,2.9.32.236
677,Micheline,Ingyon,mingyonis@vistaprint.com,Female,255.228.165.33
678,Wendy,Bearfoot,wbearfootit@ycombinator.com,Female,113.12.0.58
679,Michell,Disney,mdisneyiu@hud.gov,Female,37.225.204.63
680,Der,Drinkale,ddrinkaleiv@cpanel.net,Male,237.237.87.251
681,Marlane,Goodey,mgoodeyiw@facebook.com,Female,47.210.187.7
682,Caye,Andresen,candresenix@themeforest.net,Female,34.101.149.83
683,Onida,O'Donnell,oodonnelliy@nih.gov,Female,219.52.223.57
684,Fernandina,Sebring,fsebringiz@google.com,Female,207.234.235.236
685,Lauretta,Pilfold,lpilfoldj0@ibm.com,Female,132.97.108.1
686,Bordy,Bernhardt,bbernhardtj1@stanford.edu,Male,76.117.164.239
687,Ilene,Katt,ikattj2@toplist.cz,Female,6.187.184.104
688,Courtnay,Duthie,cduthiej3@simplemachines.org,Male,142.107.126.125
689,Minda,Cawcutt,mcawcuttj4@paginegialle.it,Female,243.238.36.155
690,Jamil,Lowing,jlowingj5@exblog.jp,Male,216.139.1.55
691,Welbie,Wroughton,wwroughtonj6@issuu.com,Male,111.198.226.243
692,Dana,Rulten,drultenj7@bizjournals.com,Male,245.29.58.14
693,Alister,Maw,amawj8@csmonitor.com,Male,76.139.188.163
694,Colan,Djorvic,cdjorvicj9@ca.gov,Male,212.244.228.25
695,Gusti,Lewerenz,glewerenzja@nifty.com,Female,248.175.71.124
696,Ros,Rouchy,rrouchyjb@paginegialle.it,Female,10.249.36.253
697,Crin,Breakwell,cbreakwelljc@smugmug.com,Female,81.23.200.58
698,Emory,Hansed,ehansedjd@tripadvisor.com,Male,255.83.47.112
699,Yorker,Surplice,ysurpliceje@scribd.com,Male,200.63.87.0
700,Kellen,Conman,kconmanjf@tmall.com,Male,83.70.181.120
701,Ritchie,Gotling,rgotlingjg@theguardian.com,Male,179.239.160.174
702,Maje,Howgill,mhowgilljh@arstechnica.com,Male,7.165.115.38
703,Germayne,Peever,gpeeverji@newyorker.com,Male,40.4.140.16
704,Zachery,Bodemeaid,zbodemeaidjj@studiopress.com,Male,113.117.18.146
705,Creighton,Drage,cdragejk@hostgator.com,Male,158.5.88.19
706,Atalanta,Dorkens,adorkensjl@go.com,Female,31.146.130.125
707,Chantal,Domke,cdomkejm@furl.net,Female,209.220.217.114
708,Merwyn,Otridge,motridgejn@independent.co.uk,Male,211.190.191.30
709,Suzette,Baford,sbafordjo@xing.com,Female,174.249.170.79
710,Hew,Merwood,hmerwoodjp@printfriendly.com,Male,174.177.71.228
711,Maude,Lamberti,mlambertijq@spotify.com,Female,117.86.178.101
712,Skyler,Halt,shaltjr@amazon.com,Male,30.147.205.11
713,Ingemar,Venn,ivennjs@vimeo.com,Male,158.237.253.197
714,Melissa,Chesshire,mchesshirejt@w3.org,Female,184.253.12.76
715,Fabien,Romera,fromeraju@google.cn,Male,63.90.138.92
716,Jess,Ofener,jofenerjv@mail.ru,Male,225.118.112.127
717,Leif,Penticoot,lpenticootjw@yahoo.co.jp,Male,9.5.56.41
718,Pierce,Coleborn,pcolebornjx@economist.com,Male,134.167.80.89
719,Estele,Tennison,etennisonjy@nhs.uk,Female,144.213.21.157
720,Devon,Attle,dattlejz@amazonaws.com,Female,226.247.233.141
721,Crystal,Bineham,cbinehamk0@yellowpages.com,Female,208.8.0.190
722,Cyrus,Phaup,cphaupk1@goo.gl,Male,238.122.160.75
723,Chiquita,Golborn,cgolbornk2@upenn.edu,Female,35.243.143.118
724,Killie,Farloe,kfarloek3@who.int,Male,122.123.172.67
725,Tildie,Railton,trailtonk4@si.edu,Female,109.47.29.218
726,Adelice,Buckie,abuckiek5@skyrock.com,Female,177.45.88.73
727,Gwennie,Seton,gsetonk6@g.co,Female,42.109.6.78
728,Hetti,Van der Beken,hvanderbekenk7@house.gov,Female,186.45.197.202
729,Eugenie,Bullivent,ebulliventk8@miitbeian.gov.cn,Female,216.76.11.210
730,Teddi,Learmouth,tlearmouthk9@ehow.com,Female,154.208.92.223
731,Agosto,McTrustie,amctrustieka@va.gov,Male,5.85.253.113
732,Mead,Roderham,mroderhamkb@wufoo.com,Female,172.13.142.183
733,Lolly,Aggio,laggiokc@wix.com,Female,66.121.81.119
734,Sherman,Waymont,swaymontkd@apple.com,Male,253.102.144.153
735,Wood,Cruickshank,wcruickshankke@topsy.com,Male,127.48.70.143
736,Jaquelin,Drogan,jdrogankf@latimes.com,Female,88.210.96.248
737,Neville,Fibbings,nfibbingskg@themeforest.net,Male,60.20.8.10
738,Alwyn,Varga,avargakh@ifeng.com,Male,235.63.136.17
739,Binky,Choat,bchoatki@shinystat.com,Male,60.178.108.201
740,Fiorenze,Millthorpe,fmillthorpekj@marriott.com,Female,195.215.159.255
741,Peyter,Ashlee,pashleekk@sourceforge.net,Male,236.237.156.183
742,Trescha,Gaffney,tgaffneykl@marriott.com,Female,77.161.172.22
743,Maurie,Barnhart,mbarnhartkm@ebay.co.uk,Male,101.149.8.104
744,Boony,Harmond,bharmondkn@reddit.com,Male,215.53.3.152
745,Denys,D'eye,ddeyeko@si.edu,Female,123.137.194.189
746,Roi,Sigars,rsigarskp@nih.gov,Male,203.230.102.14
747,Max,Dimelow,mdimelowkq@oakley.com,Male,222.155.56.13
748,Eadmund,Ander,eanderkr@twitter.com,Male,215.87.9.114
749,Thomasine,Mandifield,tmandifieldks@discuz.net,Female,222.76.163.213
750,Mariejeanne,Cianelli,mcianellikt@surveymonkey.com,Female,56.91.46.128
751,Ignacio,Giacobazzi,igiacobazziku@pen.io,Male,158.201.181.104
752,Rora,Pepi,rpepikv@baidu.com,Female,174.208.125.93
753,Jefferson,Ropkes,jropkeskw@behance.net,Male,235.78.239.174
754,Clarice,Merrilees,cmerrileeskx@php.net,Female,91.43.251.163
755,Ambros,Dudden,aduddenky@forbes.com,Male,197.114.133.237
756,Hamish,Broy,hbroykz@foxnews.com,Male,25.229.16.72
757,Dniren,Munsey,dmunseyl0@google.com.hk,Female,216.200.136.151
758,Xaviera,Bessent,xbessentl1@dailymail.co.uk,Female,121.210.118.40
759,Ashley,Bosse,abossel2@loc.gov,Male,109.149.89.14
760,Julie,McGilvary,jmcgilvaryl3@tuttocitta.it,Female,178.123.87.97
761,Grantham,Borres,gborresl4@imageshack.us,Male,250.149.94.130
762,Jilli,Whittlesey,jwhittleseyl5@wix.com,Female,145.225.132.227
763,Modestia,Lowrance,mlowrancel6@altervista.org,Female,69.131.99.40
764,Alfred,Musker,amuskerl7@dyndns.org,Male,32.89.54.141
765,Fawne,Ireland,firelandl8@washingtonpost.com,Female,239.241.132.28
766,Celestine,Callander,ccallanderl9@yellowbook.com,Female,104.93.31.10
767,Harriett,Baldrick,hbaldrickla@paginegialle.it,Female,46.50.211.181
768,Francisco,Cornehl,fcornehllb@homestead.com,Male,93.5.131.147
769,Lorianna,Savine,lsavinelc@cnn.com,Female,159.42.66.214
770,Teodorico,Fanner,tfannerld@oakley.com,Male,13.132.250.218
771,Hannie,Liggett,hliggettle@shareasale.com,Female,141.252.114.225
772,Evie,Ayliffe,eayliffelf@europa.eu,Female,124.63.25.2
773,Simonette,Guildford,sguildfordlg@house.gov,Female,73.202.213.0
774,Prudi,Bridgnell,pbridgnelllh@fotki.com,Female,6.43.91.28
775,Joanne,Neumann,jneumannli@vkontakte.ru,Female,107.246.93.146
776,Amy,Wearden,aweardenlj@seattletimes.com,Female,78.247.14.77
777,Isis,Dimberline,idimberlinelk@drupal.org,Female,197.104.70.63
778,Louella,Alvarado,lalvaradoll@yahoo.com,Female,237.16.70.217
779,Esther,Sorrill,esorrilllm@businessinsider.com,Female,36.251.202.245
780,Anet,Leward,alewardln@youtube.com,Female,107.70.7.170
781,Hamlen,Pougher,hpougherlo@meetup.com,Male,9.181.23.208
782,Andy,Longega,alongegalp@census.gov,Male,139.91.216.250
783,Kyle,Degenhardt,kdegenhardtlq@fotki.com,Female,123.231.170.12
784,Rosetta,Blatchford,rblatchfordlr@amazon.de,Female,112.66.205.110
785,Jenica,Blasgen,jblasgenls@marriott.com,Female,213.227.250.170
786,Ashil,Cursons,acursonslt@independent.co.uk,Female,176.247.144.186
787,Leontyne,Peeter,lpeeterlu@nih.gov,Female,252.203.246.155
788,Kienan,Mithan,kmithanlv@cloudflare.com,Male,254.45.91.40
789,Debbi,Clapham,dclaphamlw@ucoz.com,Female,139.126.14.119
790,Tom,Siemianowicz,tsiemianowiczlx@boston.com,Male,249.123.78.75
791,Kaitlynn,Blesdill,kblesdillly@alexa.com,Female,215.38.107.12
792,Marinna,Meigh,mmeighlz@sina.com.cn,Female,159.208.145.155
793,Lilla,Mattke,lmattkem0@a8.net,Female,8.223.147.31
794,Edna,Novacek,enovacekm1@telegraph.co.uk,Female,61.63.38.177
795,Corina,MacAlroy,cmacalroym2@wunderground.com,Female,233.216.231.177
796,Karna,Roj,krojm3@washingtonpost.com,Female,133.214.82.74
797,Herby,Strongitharm,hstrongitharmm4@miitbeian.gov.cn,Male,100.190.20.103
798,Magda,Scudamore,mscudamorem5@ow.ly,Female,212.183.171.219
799,Brenda,Bonefant,bbonefantm6@state.gov,Female,83.253.100.16
800,Derril,Klageman,dklagemanm7@aboutads.info,Male,203.228.75.253
801,Tessy,Neve,tnevem8@webnode.com,Female,109.38.146.204
802,Hermann,Newrick,hnewrickm9@bloglovin.com,Male,26.190.227.33
803,Lorette,Redolfi,lredolfima@usatoday.com,Female,51.158.154.117
804,Dunstan,Conkling,dconklingmb@tinypic.com,Male,198.148.99.91
805,Melody,Garthside,mgarthsidemc@ox.ac.uk,Female,200.172.213.91
806,Zachariah,Pottie,zpottiemd@cbc.ca,Male,215.105.69.212
807,Tedmund,Coleiro,tcoleirome@wufoo.com,Male,191.209.237.161
808,Haleigh,Gyorgy,hgyorgymf@paginegialle.it,Female,111.135.134.151
809,Elly,Aikett,eaikettmg@domainmarket.com,Female,7.43.109.66
810,Skyler,Dunley,sdunleymh@vistaprint.com,Male,79.104.58.193
811,Ruy,Sutterby,rsutterbymi@bigcartel.com,Male,240.99.248.232
812,Darb,Howell,dhowellmj@altervista.org,Male,1.198.175.29
813,Modesty,Klosa,mklosamk@auda.org.au,Female,96.107.109.105
814,Matthiew,Kindley,mkindleyml@booking.com,Male,202.11.241.176
815,Susannah,Lapere,slaperemm@wisc.edu,Female,122.211.232.161
816,Brennan,Pineaux,bpineauxmn@springer.com,Male,25.108.142.40
817,Berkie,Abreheart,babreheartmo@gov.uk,Male,165.122.224.28
818,Gilemette,Titcom,gtitcommp@slate.com,Female,166.44.182.205
819,Bernie,Toor,btoormq@usatoday.com,Male,175.4.18.33
820,Caria,Kuhlmey,ckuhlmeymr@wordpress.com,Female,91.100.217.84
821,Laurence,Oosthout de Vree,loosthoutdevreems@oakley.com,Male,138.222.52.162
822,Korey,Ilsley,kilsleymt@yellowpages.com,Male,158.168.59.126
823,Cly,McKinty,cmckintymu@flavors.me,Male,218.252.19.85
824,Abelard,Lidyard,alidyardmv@wp.com,Male,167.4.222.216
825,Eleanora,De Luna,edelunamw@abc.net.au,Female,17.105.212.115
826,Karita,Krink,kkrinkmx@cyberchimps.com,Female,235.155.100.113
827,Leigh,Bryden,lbrydenmy@weibo.com,Male,66.109.192.239
828,Nealon,Yate,nyatemz@ameblo.jp,Male,86.226.154.55
829,Aguie,McCarly,amccarlyn0@aboutads.info,Male,178.161.50.38
830,Bailie,Anthiftle,banthiftlen1@paypal.com,Male,14.89.50.215
831,Pacorro,McGinly,pmcginlyn2@feedburner.com,Male,216.37.107.22
832,Michael,Daunay,mdaunayn3@bizjournals.com,Male,151.123.147.235
833,Cordelia,Vondruska,cvondruskan4@alibaba.com,Female,162.45.197.127
834,Norri,Cozzi,ncozzin5@arstechnica.com,Female,71.83.53.201
835,Vera,Adelman,vadelmann6@parallels.com,Female,105.97.190.30
836,Joleen,MacGorman,jmacgormann7@nymag.com,Female,143.93.131.234
837,Caressa,McLay,cmclayn8@cbc.ca,Female,95.131.187.109
838,Leora,Wherrett,lwherrettn9@addthis.com,Female,92.130.210.55
839,Merell,Wescott,mwescottna@cbslocal.com,Male,69.255.221.252
840,Dulcia,Worsom,dworsomnb@slate.com,Female,163.79.62.215
841,Garwood,Oldershaw,goldershawnc@jiathis.com,Male,15.92.121.238
842,Rebecca,Questier,rquestiernd@whitehouse.gov,Female,47.228.213.108
843,Warner,Jannex,wjannexne@dailymail.co.uk,Male,23.60.129.147
844,Aline,Busher,abushernf@nsw.gov.au,Female,202.120.31.87
845,Lyndell,Chapier,lchapierng@wordpress.com,Female,26.45.221.246
846,Isidora,Cubbinelli,icubbinellinh@about.com,Female,234.89.178.91
847,Shannon,Poyner,spoynerni@smugmug.com,Female,70.230.103.246
848,Burr,Gooly,bgoolynj@yahoo.com,Male,86.186.145.95
849,Isaiah,Benzi,ibenzink@exblog.jp,Male,7.159.122.193
850,Trista,Russe,trussenl@mail.ru,Female,190.96.221.184
851,Heidi,Duly,hdulynm@examiner.com,Female,123.82.182.91
852,Dunn,Tamblingson,dtamblingsonnn@blog.com,Male,151.225.57.212
853,Aileen,Elder,aelderno@irs.gov,Female,16.65.64.55
854,Brandy,Beggs,bbeggsnp@harvard.edu,Female,127.206.130.137
855,Aloysia,Drury,adrurynq@amazon.de,Female,114.4.191.251
856,Billie,Averies,baveriesnr@constantcontact.com,Male,13.205.17.179
857,Weston,Martinie,wmartiniens@cisco.com,Male,9.3.211.81
858,Ciro,Merryweather,cmerryweathernt@usatoday.com,Male,150.217.69.166
859,Maryellen,Hucknall,mhucknallnu@fda.gov,Female,198.74.216.154
860,Dinny,Petley,dpetleynv@nytimes.com,Female,13.222.181.255
861,Bertrando,Keely,bkeelynw@mail.ru,Male,219.159.234.108
862,Evan,Vowells,evowellsnx@nytimes.com,Male,30.122.226.147
863,Ludvig,Wrotchford,lwrotchfordny@about.me,Male,46.111.241.50
864,Marla,Duplain,mduplainnz@answers.com,Female,135.246.19.233
865,Archy,Ramm,arammo0@merriam-webster.com,Male,102.10.241.129
866,Elnar,Bail,ebailo1@toplist.cz,Male,148.137.106.162
867,Xavier,Isakovic,xisakovico2@newyorker.com,Male,52.117.244.210
868,Ruprecht,De Dei,rdedeio3@instagram.com,Male,130.123.156.207
869,Nollie,Eirwin,neirwino4@163.com,Female,114.34.84.227
870,Chev,Goskar,cgoskaro5@reuters.com,Male,147.207.41.174
871,Isac,Tylor,ityloro6@hatena.ne.jp,Male,103.108.140.195
872,Berta,Corfield,bcorfieldo7@mozilla.com,Female,231.252.26.208
873,Walliw,Idenden,widendeno8@prlog.org,Female,105.65.53.216
874,Robbi,Sergant,rserganto9@census.gov,Female,3.233.26.195
875,Joscelin,Shoreman,jshoremanoa@tamu.edu,Female,197.42.42.14
876,Clarie,Jovicevic,cjovicevicob@soundcloud.com,Female,120.62.155.41
877,Kalie,Dowling,kdowlingoc@blog.com,Female,25.71.247.105
878,Nelly,Finkle,nfinkleod@histats.com,Female,244.219.251.77
879,Johnathon,Cuttell,jcuttelloe@soundcloud.com,Male,247.77.117.69
880,Tome,Saladino,tsaladinoof@pcworld.com,Male,251.58.0.229
881,Lemuel,Baggaley,lbaggaleyog@wikimedia.org,Male,239.24.138.20
882,Shaylynn,Kemm,skemmoh@fotki.com,Female,183.196.179.210
883,Rochette,Nappin,rnappinoi@wikispaces.com,Female,65.166.39.193
884,Lauren,Bassil,lbassiloj@webeden.co.uk,Female,132.42.249.73
885,Tamara,Marcus,tmarcusok@is.gd,Female,253.79.158.62
886,Kessia,Bunt,kbuntol@bing.com,Female,55.84.94.40
887,Christophorus,Deegin,cdeeginom@nasa.gov,Male,194.169.235.162
888,Neville,Kunath,nkunathon@ebay.co.uk,Male,6.144.79.1
889,Maritsa,Esposi,mesposioo@comcast.net,Female,84.196.164.120
890,Sada,Kohnen,skohnenop@usda.gov,Female,113.22.21.178
891,Gussi,Folley,gfolleyoq@msn.com,Female,203.23.172.122
892,Welsh,Bromhead,wbromheador@imgur.com,Male,132.198.24.9
893,Estell,Cambridge,ecambridgeos@geocities.jp,Female,5.175.201.113
894,Rudd,Cleatherow,rcleatherowot@ox.ac.uk,Male,143.253.112.155
895,Merilee,McKay,mmckayou@state.tx.us,Female,71.224.137.180
896,Barnabe,Hatfull,bhatfullov@si.edu,Male,166.101.125.121
897,Jill,McPhelim,jmcphelimow@kickstarter.com,Female,61.32.37.16
898,Garrett,Keepence,gkeepenceox@godaddy.com,Male,224.127.177.252
899,Carlie,Danilishin,cdanilishinoy@amazonaws.com,Female,190.67.66.195
900,Jenda,Bartkiewicz,jbartkiewiczoz@mysql.com,Female,191.116.64.195
901,Radcliffe,Bowmaker,rbowmakerp0@baidu.com,Male,116.35.151.88
902,Rawley,Crafts,rcraftsp1@house.gov,Male,179.228.89.212
903,Eolanda,Laslett,elaslettp2@slashdot.org,Female,83.121.104.39
904,Torrence,Buckie,tbuckiep3@washington.edu,Male,232.39.228.43
905,Tirrell,Graysmark,tgraysmarkp4@spotify.com,Male,137.140.150.94
906,Mattie,Worlock,mworlockp5@oracle.com,Male,191.245.47.154
907,Iosep,McGifford,imcgiffordp6@taobao.com,Male,92.85.178.50
908,Lucais,McKibbin,lmckibbinp7@hud.gov,Male,198.174.139.59
909,Calla,Tomadoni,ctomadonip8@washingtonpost.com,Female,194.100.116.240
910,Nichole,Gerok,ngerokp9@com.com,Female,138.250.135.148
911,Aldin,Knevett,aknevettpa@businessinsider.com,Male,73.166.164.64
912,Abbie,Renyard,arenyardpb@fotki.com,Male,244.103.60.210
913,Brewer,Gasperi,bgasperipc@yolasite.com,Male,98.252.62.188
914,Byron,McLarty,bmclartypd@360.cn,Male,98.169.178.61
915,Randie,Gligoraci,rgligoracipe@wikimedia.org,Male,17.45.155.216
916,Layne,Draayer,ldraayerpf@istockphoto.com,Female,98.204.100.25
917,Sylas,Cubbon,scubbonpg@posterous.com,Male,250.125.85.53
918,Wash,Neiland,wneilandph@wordpress.com,Male,63.153.35.248
919,Harmon,Storer,hstorerpi@youku.com,Male,222.5.172.204
920,Eugenius,Avrahamy,eavrahamypj@army.mil,Male,34.158.158.191
921,Vera,Boyat,vboyatpk@businessinsider.com,Female,126.28.199.108
922,Krisha,Jakubovics,kjakubovicspl@hubpages.com,Male,35.250.40.96
923,Wandis,Bullocke,wbullockepm@businessinsider.com,Female,166.218.66.7
924,Regine,Benjafield,rbenjafieldpn@bigcartel.com,Female,123.176.117.206
925,Gabbie,Taffs,gtaffspo@hud.gov,Male,62.104.226.145
926,Diego,Lucien,dlucienpp@sciencedaily.com,Male,116.148.44.32
927,Ignatius,Tousy,itousypq@disqus.com,Male,190.0.224.131
928,Elsinore,Birden,ebirdenpr@ovh.net,Female,101.204.88.69
929,Abeu,Tunno,atunnops@sun.com,Male,111.254.59.10
930,Juliette,Aslott,jaslottpt@cdc.gov,Female,84.255.21.68
931,Jodie,O'Mannion,jomannionpu@geocities.jp,Male,195.159.224.131
932,Kaela,Sobey,ksobeypv@list-manage.com,Female,8.161.160.71
933,Nelli,MacSherry,nmacsherrypw@drupal.org,Female,94.204.142.82
934,Alissa,Dempsey,adempseypx@adobe.com,Female,134.110.144.57
935,Brose,Adanet,badanetpy@google.ru,Male,190.147.141.172
936,Cam,Parades,cparadespz@admin.ch,Male,80.201.155.3
937,Ailbert,Mufford,amuffordq0@yahoo.co.jp,Male,103.140.55.251
938,Georgina,Herity,gherityq1@goo.ne.jp,Female,128.226.132.90
939,Redd,Ninnotti,rninnottiq2@domainmarket.com,Male,169.82.207.82
940,Filippo,Lalevee,flaleveeq3@hubpages.com,Male,19.223.41.224
941,Misti,Bendare,mbendareq4@zimbio.com,Female,131.96.214.205
942,Lewes,Gratten,lgrattenq5@businessweek.com,Male,7.160.90.46
943,Waylan,Cholton,wcholtonq6@kickstarter.com,Male,98.168.188.245
944,Britni,Pencott,bpencottq7@intel.com,Female,159.192.241.147
945,Ludvig,Mullaney,lmullaneyq8@mit.edu,Male,65.232.94.253
946,Anitra,Heinz,aheinzq9@imgur.com,Female,12.167.87.43
947,Annice,Farndale,afarndaleqa@netscape.com,Female,27.43.168.85
948,Skippie,Camelin,scamelinqb@newsvine.com,Male,243.182.149.229
949,Gardiner,Celloni,gcelloniqc@slate.com,Male,102.177.73.186
950,Tobey,Hammarberg,thammarbergqd@weibo.com,Female,66.51.27.192
951,Byrann,Shillom,bshillomqe@nymag.com,Male,49.75.7.90
952,Pepito,Delagnes,pdelagnesqf@blog.com,Male,26.245.232.194
953,Westley,McQuie,wmcquieqg@cbsnews.com,Male,135.126.0.241
954,Margo,Chritchley,mchritchleyqh@linkedin.com,Female,61.234.15.239
955,Rori,Brezlaw,rbrezlawqi@scribd.com,Female,250.244.44.201
956,Genia,O'Currine,gocurrineqj@cbslocal.com,Female,118.137.131.230
957,Miltie,Scothron,mscothronqk@github.com,Male,67.128.165.130
958,Candice,Auston,caustonql@delicious.com,Female,36.73.191.71
959,Donny,Fabbri,dfabbriqm@wordpress.org,Female,252.169.146.206
960,Darsey,Di Antonio,ddiantonioqn@google.com.br,Female,12.124.112.188
961,Rickard,Andrivel,randrivelqo@twitpic.com,Male,22.0.250.132
962,Lauren,Bezemer,lbezemerqp@archive.org,Male,41.147.161.41
963,Rey,Stranaghan,rstranaghanqq@technorati.com,Male,46.131.224.223
964,Byrle,Kernar,bkernarqr@who.int,Male,101.206.119.86
965,Florida,Croxley,fcroxleyqs@usda.gov,Female,45.50.247.92
966,Ashlan,Matteau,amatteauqt@scribd.com,Female,173.40.50.160
967,Osborn,Schwanden,oschwandenqu@booking.com,Male,116.122.9.217
968,Woodman,Dicker,wdickerqv@yelp.com,Male,224.43.66.148
969,Sande,Kevane,skevaneqw@sohu.com,Female,55.18.62.152
970,Leigh,Labet,llabetqx@wunderground.com,Female,74.17.8.146
971,Alvis,Armit,aarmitqy@typepad.com,Male,112.107.15.167
972,Kip,Jekel,kjekelqz@unicef.org,Female,143.58.6.190
973,Lorrin,Kermon,lkermonr0@amazon.co.uk,Female,185.216.93.17
974,Alfie,Bown,abownr1@51.la,Male,126.242.231.191
975,Auroora,Cuddehy,acuddehyr2@ustream.tv,Female,68.86.155.144
976,Fancie,Lince,flincer3@icq.com,Female,147.79.80.129
977,Harrietta,Poolton,hpooltonr4@google.com.au,Female,151.180.97.37
978,Richy,Bills,rbillsr5@vistaprint.com,Male,118.219.46.204
979,Gloriane,Mobbs,gmobbsr6@weibo.com,Female,253.211.30.14
980,Arlette,Jacqueminet,ajacqueminetr7@paypal.com,Female,113.234.67.89
981,Johannes,Farryn,jfarrynr8@pinterest.com,Male,141.103.177.72
982,Carlina,Rubinowitsch,crubinowitschr9@va.gov,Female,24.127.106.227
983,Marlee,Packman,mpackmanra@va.gov,Female,214.61.157.126
984,Newton,Hearthfield,nhearthfieldrb@istockphoto.com,Male,27.17.210.172
985,Judye,Coronas,jcoronasrc@yelp.com,Female,17.193.253.247
986,Gypsy,Marre,gmarrerd@columbia.edu,Female,64.19.0.13
987,Meriel,Launchbury,mlaunchburyre@yellowpages.com,Female,209.118.135.113
988,Sonnie,Odde,sodderf@booking.com,Female,17.113.42.140
989,Richie,Vallerine,rvallerinerg@google.co.uk,Male,180.203.214.137
990,Aurelie,Zamorrano,azamorranorh@nih.gov,Female,95.152.7.126
991,Cordy,Tweedlie,ctweedlieri@google.co.jp,Male,155.29.180.118
992,Gradeigh,Scapelhorn,gscapelhornrj@wsj.com,Male,99.68.59.237
993,Zollie,McKeney,zmckeneyrk@w3.org,Male,241.126.173.225
994,Beatrisa,Yeatman,byeatmanrl@furl.net,Female,199.234.92.63
995,Abraham,Demelt,ademeltrm@bbb.org,Male,184.200.71.56
996,Florry,Hayball,fhayballrn@shinystat.com,Female,1.195.85.0
997,Emmit,Beelby,ebeelbyro@unblog.fr,Male,155.90.52.125
998,Dorice,Leibold,dleiboldrp@yellowpages.com,Female,6.66.167.226
999,Lindsay,Shoebrook,lshoebrookrq@mapy.cz,Male,60.19.145.181
1000,Byram,Yancey,byanceyrr@sun.com,Male,189.177.51.220
