id,first_name,last_name,email,gender,ip_address
1,Karyl,Starrs,kstarrs0@google.com.br,Female,226.40.133.69
2,Devon,Walkling,dwalkling1@ftc.gov,Female,86.178.253.209
3,Merry,O'Dooghaine,modooghaine2@mac.com,Male,194.173.148.210
4,Germaine,Koomar,gkoomar3@taobao.com,Male,115.72.183.192
5,Libby,Axel,laxel4@webmd.com,Female,246.110.44.88
6,Diena,Seavers,dseavers5@biglobe.ne.jp,Female,156.243.130.103
7,Sharline,Vearncomb,svearncomb6@printfriendly.com,Female,16.178.220.223
8,Angelica,Janauschek,ajanauschek7@yellowpages.com,Female,240.112.209.250
9,Axel,Yurasov,ayurasov8@sphinn.com,Male,96.98.149.191
10,Rasla,Snarie,rsnarie9@census.gov,Female,124.127.2.58
11,Edgard,Casarili,ecasarilia@fastcompany.com,Male,111.187.118.121
12,Scotty,Garroway,sgarrowayb@rakuten.co.jp,Male,174.33.109.1
13,Barbe,Gault,bgaultc@ca.gov,Female,230.58.157.217
14,Colman,Toope,ctooped@cbslocal.com,Male,224.14.98.237
15,Yuri,Hayes,yhayese@dot.gov,Male,73.68.79.248
16,Theresita,Yve,tyvef@accuweather.com,Female,74.42.229.232
17,Jermayne,McCleverty,jmcclevertyg@ucoz.com,Male,238.22.17.181
18,Stacia,Munday,smundayh@slashdot.org,Female,7.244.238.211
19,Corbin,Ades,cadesi@wp.com,Male,201.104.118.152
20,Zachary,Zuanazzi,zzuanazzij@jalbum.net,Male,145.31.171.222
21,Yorker,Chennells,ychennellsk@yelp.com,Male,15.200.242.48
22,Kare,Wildbore,kwildborel@blogger.com,Female,37.186.200.230
23,Amil,Bliven,ablivenm@nationalgeographic.com,Female,116.174.244.75
24,Florentia,Mabb,fmabbn@ucoz.ru,Female,44.148.177.133
25,Rolfe,Carnson,rcarnsono@wisc.edu,Male,213.128.167.153
26,Cecilio,Kellaway,ckellawayp@illinois.edu,Male,247.17.40.131
27,Brigit,Bannister,bbannisterq@omniture.com,Female,250.34.100.223
28,Padget,Bonsall,pbonsallr@businesswire.com,Male,83.210.53.234
29,Susette,Medgewick,smedgewicks@mtv.com,Female,171.208.120.190
30,Kerk,Jessett,kjessettt@furl.net,Male,250.185.147.40
31,Davine,Sloan,dsloanu@meetup.com,Female,224.247.153.93
32,Gene,Screach,gscreachv@godaddy.com,Male,159.124.33.111
33,Lucian,Cattel,lcattelw@bbb.org,Male,208.187.70.1
34,Rick,Bruno,rbrunox@vinaora.com,Male,72.30.66.45
35,Alard,Marples,amarplesy@jimdo.com,Male,144.116.102.89
36,Silvester,Gallandre,sgallandrez@mapy.cz,Male,51.168.229.242
37,El,Ogilby,eogilby10@bloglines.com,Male,18.49.127.42
38,Nye,Spillane,nspillane11@cafepress.com,Male,101.236.145.173
39,Lorena,Lafflin,llafflin12@cnbc.com,Female,147.239.147.217
40,Sterling,Costock,scostock13@opera.com,Male,198.67.221.212
41,Augustin,Arkle,aarkle14@elegantthemes.com,Male,118.14.135.71
42,Winona,Mildmott,wmildmott15@godaddy.com,Female,114.160.119.82
43,Des,Mellhuish,dmellhuish16@mtv.com,Male,15.211.66.251
44,Zerk,Kirimaa,zkirimaa17@xinhuanet.com,Male,38.242.225.121
45,Christyna,Dilley,cdilley18@google.com.br,Female,169.235.230.45
46,Harris,Parncutt,hparncutt19@printfriendly.com,Male,177.171.55.227
47,Julia,Rochell,jrochell1a@youtube.com,Female,6.176.96.186
48,Tresa,Flavelle,tflavelle1b@google.it,Female,70.231.12.232
49,Georgetta,Guidera,gguidera1c@hao123.com,Female,206.104.84.74
50,Geneva,Compford,gcompford1d@toplist.cz,Female,96.223.204.189
51,Stacy,Quantrell,squantrell1e@t.co,Female,76.179.39.245
52,Beck,Lamprecht,blamprecht1f@un.org,Male,206.26.31.84
53,Dorita,Chsteney,dchsteney1g@e-recht24.de,Female,227.84.182.122
54,Jesse,Madigan,jmadigan1h@indiatimes.com,Male,137.240.131.11
55,Evey,Bush,ebush1i@newsvine.com,Female,186.232.192.231
56,Trudi,Panter,tpanter1j@bandcamp.com,Female,168.53.247.49
57,Vikky,Puzey,vpuzey1k@twitter.com,Female,175.138.71.126
58,Lambert,Comrie,lcomrie1l@shop-pro.jp,Male,30.137.56.197
59,Baxie,Jerzak,bjerzak1m@google.com.hk,Male,12.32.108.0
60,Hale,Muddiman,hmuddiman1n@ed.gov,Male,120.182.18.67
61,Loretta,Whaites,lwhaites1o@cnn.com,Female,57.16.195.181
62,Valene,Oade,voade1p@ucoz.com,Female,114.36.95.251
63,Gretta,Flatley,gflatley1q@youku.com,Female,142.65.232.46
64,Sibel,Tosh,stosh1r@cdc.gov,Female,52.212.153.42
65,Eloisa,Glanister,eglanister1s@rakuten.co.jp,Female,34.69.234.46
66,Zed,Sarfass,zsarfass1t@who.int,Male,188.40.54.130
67,Isidor,Kamiyama,ikamiyama1u@deliciousdays.com,Male,69.116.105.106
68,Ruggiero,Favey,rfavey1v@multiply.com,Male,87.75.248.6
69,Shem,Cummine,scummine1w@hexun.com,Male,157.32.146.131
70,Diahann,Sumpner,dsumpner1x@icio.us,Female,104.70.125.142
71,Welbie,Zarb,wzarb1y@dropbox.com,Male,169.124.52.144
72,Sharla,Yersin,syersin1z@ucla.edu,Female,69.245.41.82
73,Morgun,Mogey,mmogey20@discovery.com,Male,14.172.248.189
74,Sam,Turrell,sturrell21@si.edu,Male,253.200.67.124
75,Ruthe,Domange,rdomange22@live.com,Female,171.59.27.124
76,Percival,Parrish,pparrish23@fc2.com,Male,232.227.217.198
77,Kahaleel,Royl,kroyl24@ning.com,Male,154.64.127.64
78,Lock,Vallantine,lvallantine25@yahoo.com,Male,139.160.225.104
79,Em,Coole,ecoole26@acquirethisname.com,Female,233.227.34.248
80,Abram,Colten,acolten27@blogtalkradio.com,Male,230.129.35.3
81,Ken,Leavry,kleavry28@yolasite.com,Male,255.23.174.236
82,Gianina,Conradsen,gconradsen29@ovh.net,Female,174.46.170.187
83,Welsh,Abson,wabson2a@state.gov,Male,88.96.17.36
84,Julieta,Flavelle,jflavelle2b@cbc.ca,Female,191.182.111.133
85,Yasmeen,LeEstut,yleestut2c@shareasale.com,Female,220.118.79.2
86,Alfy,Petchell,apetchell2d@time.com,Male,76.159.84.200
87,Teddy,Tyrie,ttyrie2e@tiny.cc,Male,88.107.124.1
88,Aurel,Jiruch,ajiruch2f@cdc.gov,Female,222.245.173.59
89,Loleta,Sandes,lsandes2g@eepurl.com,Female,39.178.39.176
90,Donavon,Olifaunt,dolifaunt2h@slate.com,Male,30.28.59.12
91,Ruy,Canacott,rcanacott2i@amazon.com,Male,200.123.241.116
92,Appolonia,Vernalls,avernalls2j@tumblr.com,Female,187.83.207.214
93,Adelaide,Mc Coughan,amccoughan2k@dot.gov,Female,235.127.174.208
94,Patrizio,Kindon,pkindon2l@bravesites.com,Male,109.119.248.161
95,Rhodie,Loades,rloades2m@ibm.com,Female,166.243.92.105
96,Emmey,McMurty,emcmurty2n@goo.ne.jp,Female,174.115.71.181
97,Fremont,Janiszewski,fjaniszewski2o@hp.com,Male,205.232.144.55
98,Micheline,Guidoni,mguidoni2p@usgs.gov,Female,105.66.181.130
99,Emiline,Lobley,elobley2q@answers.com,Female,53.225.113.67
100,Kev,Sutherby,ksutherby2r@edublogs.org,Male,79.111.39.216
101,Robbie,Kolczynski,rkolczynski2s@alibaba.com,Male,15.160.131.90
102,Wendy,Taile,wtaile2t@tripadvisor.com,Female,249.16.217.72
103,Cass,Balderstone,cbalderstone2u@geocities.com,Male,156.40.132.165
104,Keene,Coutts,kcoutts2v@deviantart.com,Male,193.123.184.216
105,Casey,Mc Queen,cmcqueen2w@naver.com,Female,92.244.96.63
106,Ferris,Featherstonhalgh,ffeatherstonhalgh2x@shareasale.com,Male,28.171.235.224
107,Trudy,Dimbleby,tdimbleby2y@dell.com,Female,209.118.121.114
108,Bobbye,Ferschke,bferschke2z@fda.gov,Female,32.98.202.235
109,Sinclair,Hallowell,shallowell30@qq.com,Male,64.125.26.69
110,Dominica,Bayne,dbayne31@ebay.co.uk,Female,60.26.255.226
111,Teddi,Rowthorne,trowthorne32@weather.com,Female,227.180.82.149
112,William,Yurin,wyurin33@xrea.com,Male,86.133.79.109
113,Skyler,Javes,sjaves34@privacy.gov.au,Male,102.203.95.10
114,Shurwood,Leal,sleal35@google.ru,Male,149.135.3.253
115,Elton,Jolland,ejolland36@yahoo.co.jp,Male,241.251.178.218
116,Nady,Stenson,nstenson37@lulu.com,Female,95.179.45.229
117,Curry,Champkins,cchampkins38@google.com.au,Male,39.12.230.66
118,Adel,Kohlerman,akohlerman39@google.co.uk,Female,3.152.184.139
119,Fidel,Strangeways,fstrangeways3a@devhub.com,Male,204.240.211.13
120,Helena,Jakov,hjakov3b@google.pl,Female,101.231.31.88
121,Hannie,Reubel,hreubel3c@ftc.gov,Female,136.31.73.196
122,Viola,Gough,vgough3d@tripod.com,Female,234.159.126.214
123,Lawry,De Minico,ldeminico3e@shareasale.com,Male,31.103.184.9
124,Jaquenetta,Downes,jdownes3f@cdc.gov,Female,154.196.159.169
125,Lenora,Rushbury,lrushbury3g@bizjournals.com,Female,228.175.201.209
126,Albertine,Hatch,ahatch3h@wiley.com,Female,151.91.22.179
127,Nadine,Mailes,nmailes3i@rambler.ru,Female,129.214.255.58
128,Merissa,Trazzi,mtrazzi3j@marketwatch.com,Female,53.110.232.41
129,Emmit,Thorowgood,ethorowgood3k@stanford.edu,Male,15.67.137.92
130,Tonye,Mullen,tmullen3l@livejournal.com,Female,197.224.56.213
131,Charmion,Luttger,cluttger3m@accuweather.com,Female,120.30.117.205
132,Gay,Deluce,gdeluce3n@friendfeed.com,Female,195.230.115.247
133,Karee,Tringham,ktringham3o@yellowpages.com,Female,202.49.238.185
134,Charil,Baltzar,cbaltzar3p@constantcontact.com,Female,41.127.232.79
135,Gradeigh,Greenroad,ggreenroad3q@blinklist.com,Male,9.56.63.208
136,Kalle,Bickerton,kbickerton3r@xinhuanet.com,Male,9.140.12.18
137,Will,Miche,wmiche3s@reverbnation.com,Male,212.143.145.166
138,Glynda,Noraway,gnoraway3t@alibaba.com,Female,99.155.167.125
139,Fairlie,Hurdwell,fhurdwell3u@alibaba.com,Male,42.213.140.135
140,Nev,Tetsall,ntetsall3v@spiegel.de,Male,48.36.88.192
141,Bert,Strognell,bstrognell3w@slashdot.org,Female,204.102.59.132
142,Marlo,Minett,mminett3x@psu.edu,Female,12.81.32.165
143,Katalin,Gorwood,kgorwood3y@i2i.jp,Female,243.35.67.138
144,Phillida,Azema,pazema3z@ocn.ne.jp,Female,50.43.218.123
145,Garrett,Pickett,gpickett40@sitemeter.com,Male,154.171.20.126
146,Tess,Sterman,tsterman41@wired.com,Female,59.149.213.168
147,Dwain,Lorence,dlorence42@geocities.jp,Male,33.198.171.23
148,Callida,Jones,cjones43@amazon.co.jp,Female,56.27.227.175
149,Corina,Bener,cbener44@unesco.org,Female,10.111.210.158
150,Baldwin,Sidry,bsidry45@about.com,Male,146.188.92.125
151,Vern,Fellis,vfellis46@marriott.com,Male,215.145.249.113
152,Jarid,Markham,jmarkham47@psu.edu,Male,36.22.75.207
153,Tamarra,Roget,troget48@phoca.cz,Female,128.59.178.87
154,Iain,Craiker,icraiker49@sina.com.cn,Male,251.191.168.112
155,Georgina,Aston,gaston4a@plala.or.jp,Female,4.182.231.169
156,Townsend,Dykas,tdykas4b@unblog.fr,Male,149.190.200.81
157,Burnaby,McGlue,bmcglue4c@t-online.de,Male,217.113.205.209
158,Hunt,Peal,hpeal4d@ft.com,Male,173.61.174.170
159,Melvin,Linbohm,mlinbohm4e@google.co.uk,Male,104.249.22.39
160,Madelyn,MacClenan,mmacclenan4f@mit.edu,Female,55.110.221.48
161,Gweneth,Dunstan,gdunstan4g@ameblo.jp,Female,25.156.156.117
162,Nikola,Rozanski,nrozanski4h@wired.com,Male,201.24.140.35
163,Gisele,Nussgen,gnussgen4i@flavors.me,Female,31.77.202.210
164,Tannie,Cuttin,tcuttin4j@discuz.net,Male,238.29.83.140
165,Michele,Dobbing,mdobbing4k@webnode.com,Male,202.111.10.133
166,Rosalind,Joontjes,rjoontjes4l@dell.com,Female,236.219.213.17
167,Ambur,Brandi,abrandi4m@posterous.com,Female,22.3.150.177
168,Brendan,Johnsson,bjohnsson4n@elegantthemes.com,Male,103.85.241.228
169,Jedidiah,Fryer,jfryer4o@newsvine.com,Male,240.66.162.135
170,Coop,Tommasetti,ctommasetti4p@china.com.cn,Male,80.52.83.229
171,Wilhelm,Jan,wjan4q@paginegialle.it,Male,81.236.136.208
172,Herby,Menicomb,hmenicomb4r@wufoo.com,Male,199.15.158.120
173,Josie,Sewter,jsewter4s@storify.com,Female,7.143.221.26
174,Benedikt,Treffrey,btreffrey4t@seesaa.net,Male,106.112.215.115
175,Helen,Behnecke,hbehnecke4u@networksolutions.com,Female,58.25.203.87
176,Britni,Waison,bwaison4v@independent.co.uk,Female,161.95.192.39
177,Mommy,Jiracek,mjiracek4w@123-reg.co.uk,Female,6.213.83.144
178,Urbano,Kender,ukender4x@gizmodo.com,Male,214.199.141.191
179,Chiarra,Crossfeld,ccrossfeld4y@sakura.ne.jp,Female,74.25.137.169
180,Tybi,Whimp,twhimp4z@multiply.com,Female,147.174.53.190
181,Cyndie,Cromblehome,ccromblehome50@nationalgeographic.com,Female,14.91.216.246
182,Roland,Maharey,rmaharey51@skyrock.com,Male,149.119.121.181
183,Dalli,Sivyer,dsivyer52@4shared.com,Male,193.101.137.90
184,Lorelle,ducarme,lducarme53@wix.com,Female,190.35.104.0
185,Berne,Duddan,bduddan54@aboutads.info,Male,202.35.237.111
186,Lelia,Rushworth,lrushworth55@army.mil,Female,156.135.143.89
187,Kalle,Dedon,kdedon56@ovh.net,Male,220.153.111.16
188,Osgood,Kruschev,okruschev57@google.ru,Male,109.110.235.48
189,Rona,Roddie,rroddie58@icio.us,Female,166.29.15.38
190,Claybourne,Dyas,cdyas59@eepurl.com,Male,159.35.99.122
191,Madelyn,Buye,mbuye5a@printfriendly.com,Female,82.218.148.107
192,Sukey,Abson,sabson5b@sina.com.cn,Female,227.174.179.156
193,Jamesy,Tremoulet,jtremoulet5c@people.com.cn,Male,144.232.102.29
194,Arlyn,Hallyburton,ahallyburton5d@umich.edu,Female,2.110.157.134
195,Constantina,Malinson,cmalinson5e@forbes.com,Female,148.82.87.118
196,Margo,Wakley,mwakley5f@google.pl,Female,167.107.30.119
197,Blair,Yerrill,byerrill5g@pen.io,Male,234.68.171.118
198,Buckie,Bangle,bbangle5h@answers.com,Male,193.172.41.4
199,Julianne,McNickle,jmcnickle5i@drupal.org,Female,113.220.102.216
200,Pren,Sasser,psasser5j@yahoo.com,Male,244.184.252.191
201,Meier,Chaucer,mchaucer5k@godaddy.com,Male,3.104.17.156
202,Brier,O'Duane,boduane5l@studiopress.com,Female,191.40.198.153
203,Chase,Cromar,ccromar5m@hugedomains.com,Male,17.70.68.133
204,Britt,Bartlett,bbartlett5n@youtu.be,Female,24.130.155.187
205,Zebulen,Kintish,zkintish5o@mozilla.com,Male,200.219.230.172
206,Katharine,Brashier,kbrashier5p@loc.gov,Female,50.181.158.55
207,Felicio,Pelos,fpelos5q@google.com.br,Male,142.197.82.50
208,Charity,Wolfenden,cwolfenden5r@ucsd.edu,Female,155.187.210.17
209,Sammy,Drabble,sdrabble5s@chron.com,Female,12.10.252.109
210,Clement,Dinley,cdinley5t@merriam-webster.com,Male,160.135.72.6
211,Margret,Stranaghan,mstranaghan5u@sbwire.com,Female,156.203.13.249
212,Carrie,Spaule,cspaule5v@webmd.com,Female,58.170.28.175
213,Claudia,Errett,cerrett5w@barnesandnoble.com,Female,34.100.186.177
214,Archibald,Spurdens,aspurdens5x@nbcnews.com,Male,175.245.176.74
215,Edie,Burrage,eburrage5y@squidoo.com,Female,240.207.140.15
216,Lavena,Soulsby,lsoulsby5z@aol.com,Female,41.38.224.66
217,Essa,Andrysek,eandrysek60@fastcompany.com,Female,127.129.238.23
218,Gregorio,Sambath,gsambath61@java.com,Male,67.215.191.115
219,Chloe,Billes,cbilles62@opera.com,Female,0.128.46.13
220,Tremayne,Swalteridge,tswalteridge63@tripadvisor.com,Male,241.30.252.201
221,Andrey,Dullard,adullard64@dell.com,Male,123.197.91.202
222,Veronike,Sanson,vsanson65@arizona.edu,Female,242.70.16.234
223,Bren,Moubray,bmoubray66@google.cn,Male,75.151.29.61
224,Giorgi,Grayshan,ggrayshan67@dmoz.org,Male,227.56.132.212
225,Russ,Hudson,rhudson68@europa.eu,Male,162.138.232.228
226,Jolee,Element,jelement69@nyu.edu,Female,204.238.83.189
227,Romona,Phizackarley,rphizackarley6a@de.vu,Female,195.41.121.185
228,Christel,Richin,crichin6b@goo.ne.jp,Female,79.139.246.103
229,Pincus,Wildber,pwildber6c@macromedia.com,Male,206.141.92.101
230,Tony,Stollsteiner,tstollsteiner6d@tiny.cc,Male,239.105.222.177
231,Filippo,Tucsell,ftucsell6e@cbslocal.com,Male,151.174.200.136
232,Jonathan,Deakin,jdeakin6f@drupal.org,Male,5.162.248.234
233,Alex,Bransby,abransby6g@netlog.com,Female,4.40.117.215
234,Pierrette,Benterman,pbenterman6h@tinyurl.com,Female,181.183.86.247
235,Derick,Annwyl,dannwyl6i@discovery.com,Male,176.239.132.20
236,Ely,Montel,emontel6j@123-reg.co.uk,Male,80.151.110.225
237,Kevin,De Zuani,kdezuani6k@technorati.com,Male,104.42.141.152
238,Kim,Blakebrough,kblakebrough6l@discuz.net,Male,176.1.41.225
239,See,Wooff,swooff6m@oracle.com,Male,178.108.70.205
240,Mag,Ostrich,mostrich6n@wix.com,Female,222.233.46.168
241,Myrtia,Alloway,malloway6o@cisco.com,Female,246.226.147.121
242,Judie,Toxell,jtoxell6p@kickstarter.com,Female,59.168.81.251
243,Aggy,Chapleo,achapleo6q@domainmarket.com,Female,211.198.63.238
244,Elisa,Krysztofiak,ekrysztofiak6r@hud.gov,Female,42.108.24.140
245,Truman,Kohlert,tkohlert6s@hugedomains.com,Male,254.80.28.118
246,Willie,Kruschev,wkruschev6t@homestead.com,Male,75.132.107.35
247,Grazia,Hansell,ghansell6u@bizjournals.com,Female,26.199.59.227
248,Raleigh,Akitt,rakitt6v@nationalgeographic.com,Male,111.225.250.232
249,Gerardo,Maddams,gmaddams6w@imdb.com,Male,228.111.191.20
250,Corie,Rudd,crudd6x@arstechnica.com,Female,27.23.66.174
251,Clarance,Byrth,cbyrth6y@amazon.de,Male,31.156.166.38
252,Josiah,Iredale,jiredale6z@com.com,Male,185.109.221.67
253,Kora,Champneys,kchampneys70@wisc.edu,Female,244.52.88.220
254,Orton,Newbury,onewbury71@berkeley.edu,Male,165.144.130.53
255,Monica,Lutwidge,mlutwidge72@bravesites.com,Female,237.126.73.231
256,Lynett,Hegge,lhegge73@symantec.com,Female,157.41.156.204
257,Linoel,Getch,lgetch74@hhs.gov,Male,56.89.78.232
258,Imelda,Matiasek,imatiasek75@whitehouse.gov,Female,186.34.160.19
259,Rainer,Leward,rleward76@umich.edu,Male,86.43.225.25
260,Samara,Faill,sfaill77@cbslocal.com,Female,80.99.5.104
261,Adan,Poacher,apoacher78@hatena.ne.jp,Female,78.47.119.201
262,Cassondra,Riden,criden79@archive.org,Female,155.66.76.85
263,Matthaeus,Lambrick,mlambrick7a@ted.com,Male,118.66.184.37
264,Sher,Gandley,sgandley7b@virginia.edu,Female,209.183.19.193
265,Anet,Guppy,aguppy7c@si.edu,Female,106.223.39.67
266,Marcelline,Babinski,mbabinski7d@gnu.org,Female,103.228.29.97
267,Pepillo,Eisak,peisak7e@g.co,Male,90.73.126.200
268,York,Honig,yhonig7f@statcounter.com,Male,20.240.234.85
269,Blakeley,Aluard,baluard7g@live.com,Female,22.49.120.48
270,Herman,Goodswen,hgoodswen7h@arizona.edu,Male,108.247.124.126
271,Abdul,McKennan,amckennan7i@reverbnation.com,Male,175.251.52.1
272,Saraann,Challinor,schallinor7j@foxnews.com,Female,160.164.143.211
273,Benoit,Pettwood,bpettwood7k@prnewswire.com,Male,42.19.56.54
274,Haily,Rich,hrich7l@delicious.com,Female,158.73.170.126
275,Miof mela,Tingle,mtingle7m@g.co,Female,42.49.120.182
276,Burnard,Ducarel,bducarel7n@indiegogo.com,Male,222.158.215.189
277,Hewie,Pieche,hpieche7o@yellowpages.com,Male,3.133.84.58
278,Kaiser,Warbeys,kwarbeys7p@sakura.ne.jp,Male,84.12.230.48
279,Frayda,Tupie,ftupie7q@so-net.ne.jp,Female,156.206.121.121
280,Wally,Narracott,wnarracott7r@usgs.gov,Female,187.181.53.134
281,Say,Stockdale,sstockdale7s@chron.com,Male,143.111.213.23
282,Winifield,Aspling,waspling7t@a8.net,Male,132.244.210.157
283,Bendix,Gossop,bgossop7u@hatena.ne.jp,Male,204.97.159.194
284,Celestyn,Lemmen,clemmen7v@census.gov,Female,40.182.229.72
285,Goldina,Dripps,gdripps7w@trellian.com,Female,214.210.49.129
286,Kirk,Astlett,kastlett7x@wired.com,Male,117.94.191.100
287,Ernaline,Edlin,eedlin7y@bigcartel.com,Female,11.239.252.107
288,Ody,McCorkindale,omccorkindale7z@paginegialle.it,Male,38.169.27.201
289,Tracy,Utting,tutting80@biblegateway.com,Male,58.186.217.210
290,Xenos,Michel,xmichel81@sohu.com,Male,46.150.33.78
291,Corby,Kelley,ckelley82@ebay.com,Male,141.255.25.249
292,Bing,Paulillo,bpaulillo83@pagesperso-orange.fr,Male,40.103.144.106
293,Mala,Maffetti,mmaffetti84@yahoo.co.jp,Female,105.254.184.100
294,Granville,Shillingford,gshillingford85@scientificamerican.com,Male,45.187.13.215
295,Judie,Emslie,jemslie86@eventbrite.com,Female,117.21.7.187
296,Patrizia,Ballin,pballin87@ehow.com,Female,179.38.88.251
297,Arabelle,Breeder,abreeder88@webeden.co.uk,Female,217.8.36.180
298,Buckie,Fellenor,bfellenor89@opera.com,Male,197.67.43.180
299,Dino,Jovic,djovic8a@unc.edu,Male,17.63.193.50
300,Kalie,Silcox,ksilcox8b@hexun.com,Female,89.40.190.93
301,Yasmeen,Heddan,yheddan8c@fema.gov,Female,247.104.5.89
302,Ferrell,Lawrenz,flawrenz8d@yale.edu,Male,54.222.95.232
303,Juliet,Carlisi,jcarlisi8e@ftc.gov,Female,235.229.172.123
304,Shaughn,Kliement,skliement8f@taobao.com,Male,8.167.106.219
305,Glenden,Beaver,gbeaver8g@bloglovin.com,Male,107.217.224.123
306,Henka,L'argent,hlargent8h@last.fm,Female,230.25.220.218
307,Lyell,Alelsandrovich,lalelsandrovich8i@soup.io,Male,30.0.173.154
308,Shelagh,Wildgoose,swildgoose8j@issuu.com,Female,229.26.154.241
309,Tanner,Dello,tdello8k@printfriendly.com,Male,38.185.178.55
310,Ricoriki,Safhill,rsafhill8l@shutterfly.com,Male,85.30.59.120
311,Duane,Lindsell,dlindsell8m@answers.com,Male,151.138.32.36
312,Michaeline,McGahey,mmcgahey8n@accuweather.com,Female,86.171.172.73
313,Paten,Yeulet,pyeulet8o@reuters.com,Male,152.147.178.69
314,Clary,Siccombe,csiccombe8p@tamu.edu,Female,129.234.23.223
315,Cosmo,Collingham,ccollingham8q@istockphoto.com,Male,110.155.102.35
316,Lelah,Bottell,lbottell8r@ft.com,Female,18.188.243.119
317,Smitty,Lawler,slawler8s@quantcast.com,Male,205.137.21.41
318,Prue,Blaymires,pblaymires8t@army.mil,Female,179.122.217.71
319,Julina,Gamlen,jgamlen8u@mlb.com,Female,119.114.86.243
320,Ambrosio,Wrout,awrout8v@amazon.co.uk,Male,29.53.78.218
321,Nonna,Matteotti,nmatteotti8w@quantcast.com,Female,243.81.33.186
322,Kaile,Morpeth,kmorpeth8x@skyrock.com,Female,194.10.213.227
323,Verna,McGuane,vmcguane8y@ted.com,Female,187.146.113.197
324,Serena,Churn,schurn8z@1und1.de,Female,234.61.8.95
325,Barry,Western,bwestern90@theatlantic.com,Male,109.145.141.41
326,Zedekiah,Killik,zkillik91@icq.com,Male,37.114.88.93
327,Lettie,Olivetti,lolivetti92@quantcast.com,Female,227.244.18.121
328,Anson,Domerque,adomerque93@bravesites.com,Male,152.19.51.88
329,Dunstan,Orriss,dorriss94@google.ru,Male,104.121.201.38
330,Ernest,Parrin,eparrin95@marketwatch.com,Male,98.105.139.243
331,Bellanca,Effemy,beffemy96@nature.com,Female,206.246.26.4
332,Serena,Ubee,subee97@ibm.com,Female,190.13.76.9
333,Slade,Mulchrone,smulchrone98@friendfeed.com,Male,238.198.92.126
334,Pammie,Schrir,pschrir99@usgs.gov,Female,39.201.239.70
335,Marguerite,Sebborn,msebborn9a@imgur.com,Female,29.116.7.115
336,Arlee,Overal,aoveral9b@miibeian.gov.cn,Female,61.211.99.155
337,Benjamin,De Simoni,bdesimoni9c@skyrock.com,Male,52.124.100.21
338,Woodie,Jerche,wjerche9d@surveymonkey.com,Male,222.66.81.172
339,Corrine,Larciere,clarciere9e@imgur.com,Female,229.124.147.56
340,Baird,Chafer,bchafer9f@comcast.net,Male,25.200.87.119
341,Orion,Behr,obehr9g@lulu.com,Male,163.123.192.69
342,Calvin,Fuentez,cfuentez9h@studiopress.com,Male,20.246.187.33
343,Brice,Janney,bjanney9i@discovery.com,Male,242.149.150.168
344,Veriee,McInulty,vmcinulty9j@harvard.edu,Female,2.162.128.132
345,Kienan,Kollatsch,kkollatsch9k@skype.com,Male,89.224.133.233
346,Elisabeth,Garland,egarland9l@oaic.gov.au,Female,177.73.230.212
347,Bartie,Juste,bjuste9m@yolasite.com,Male,157.183.18.107
348,Farley,Martinat,fmartinat9n@ucoz.ru,Male,185.84.70.180
349,Golda,Rizzetti,grizzetti9o@arizona.edu,Female,102.238.224.60
350,Gonzalo,Ambroziak,gambroziak9p@merriam-webster.com,Male,57.132.212.157
351,Coretta,Genthner,cgenthner9q@hexun.com,Female,80.200.129.26
352,Louisette,Jochens,ljochens9r@elpais.com,Female,110.55.228.181
353,Barty,Mitchall,bmitchall9s@nba.com,Male,183.128.250.134
354,Ezra,Handrek,ehandrek9t@wikipedia.org,Male,145.120.217.38
355,Rosy,Muzzi,rmuzzi9u@so-net.ne.jp,Female,36.200.179.156
356,Joseito,Lowde,jlowde9v@ezinearticles.com,Male,236.171.94.177
357,Genia,Colicot,gcolicot9w@forbes.com,Female,24.20.255.242
358,Camala,Shoesmith,cshoesmith9x@amazon.de,Female,158.46.216.194
359,Aluino,Jessen,ajessen9y@jiathis.com,Male,10.185.67.128
360,Claudius,Snalom,csnalom9z@prnewswire.com,Male,127.106.96.95
361,Nariko,Ingham,ninghama0@slate.com,Female,111.179.139.62
362,Emilie,Henrys,ehenrysa1@artisteer.com,Female,198.70.75.188
363,Quill,Ambrogio,qambrogioa2@i2i.jp,Male,149.83.7.241
364,Winona,Davison,wdavisona3@shutterfly.com,Female,242.65.35.45
365,Sharity,McLeman,smclemana4@macromedia.com,Female,79.56.85.9
366,Maurise,Lewton,mlewtona5@walmart.com,Female,147.61.214.219
367,Lauree,Cuttler,lcuttlera6@tiny.cc,Female,255.31.94.54
368,Gaven,Broggetti,gbroggettia7@bigcartel.com,Male,216.190.71.182
369,Arabela,Tune,atunea8@nps.gov,Female,15.63.59.124
370,Aleece,MacGillreich,amacgillreicha9@icq.com,Female,206.57.9.10
371,Blakelee,Mulligan,bmulliganaa@nydailynews.com,Female,35.58.247.4
372,Xylia,Worwood,xworwoodab@merriam-webster.com,Female,163.151.79.14
373,Zacharias,Santarelli,zsantarelliac@studiopress.com,Male,22.59.190.102
374,Humphrey,Lys,hlysad@prlog.org,Male,45.218.228.44
375,Bridgette,Brammall,bbrammallae@auda.org.au,Female,80.170.90.46
376,Shaughn,Leadbeatter,sleadbeatteraf@opensource.org,Male,168.142.125.193
377,Leonore,Stefi,lstefiag@hibu.com,Female,34.14.185.67
378,Westbrooke,Hann,whannah@live.com,Male,189.22.60.163
379,Ignatius,Dupoy,idupoyai@bloomberg.com,Male,179.252.224.123
380,Gayler,Goodbar,ggoodbaraj@shinystat.com,Male,219.250.82.198
381,Wally,MacNeely,wmacneelyak@deliciousdays.com,Male,69.78.147.165
382,Benjie,Maben,bmabenal@biblegateway.com,Male,85.70.171.126
383,Windham,Beauvais,wbeauvaisam@vistaprint.com,Male,184.34.63.109
384,Dagny,Rosevear,drosevearan@cam.ac.uk,Male,226.84.184.18
385,Leoline,Nottle,lnottleao@free.fr,Female,246.51.97.91
386,Frederic,Abbatt,fabbattap@icio.us,Male,243.84.68.107
387,Deeanne,Jamot,djamotaq@opensource.org,Female,234.234.1.158
388,Cherie,Swadon,cswadonar@google.com.br,Female,28.101.21.61
389,Mellicent,McCaffrey,mmccaffreyas@ucla.edu,Female,19.173.53.66
390,Kelbee,McGillreich,kmcgillreichat@netscape.com,Male,15.26.156.124
391,Reider,Drakeley,rdrakeleyau@wikimedia.org,Male,30.175.167.56
392,Engelbert,Guiot,eguiotav@infoseek.co.jp,Male,96.164.46.108
393,Scarface,O'Teague,soteagueaw@tamu.edu,Male,38.11.86.23
394,Urbano,Juhruke,ujuhrukeax@posterous.com,Male,19.14.107.53
395,Hortense,Kovalski,hkovalskiay@theglobeandmail.com,Female,235.218.63.177
396,Lynn,Cotillard,lcotillardaz@is.gd,Male,91.141.97.67
397,Thibaud,Latter,tlatterb0@cnet.com,Male,240.34.234.85
398,Matias,Pow,mpowb1@addthis.com,Male,6.234.17.226
399,Christos,Durrington,cdurringtonb2@a8.net,Male,186.136.27.243
400,Bridgette,MacKenny,bmackennyb3@theglobeandmail.com,Female,111.98.196.11
401,Amabelle,Mc Gee,amcgeeb4@symantec.com,Female,4.142.233.52
402,Nealy,Fardon,nfardonb5@foxnews.com,Male,93.208.32.224
403,Somerset,Lardeur,slardeurb6@answers.com,Male,136.5.120.64
404,Woodman,Hymas,whymasb7@rediff.com,Male,116.151.24.237
405,Orin,Jurek,ojurekb8@list-manage.com,Male,48.178.193.172
406,Hanni,Grabeham,hgrabehamb9@washington.edu,Female,226.235.68.180
407,Dannie,Maude,dmaudeba@tamu.edu,Male,28.13.241.33
408,Susan,Melato,smelatobb@chicagotribune.com,Female,21.80.176.3
409,Ailene,Ameer-Beg,aameerbegbc@weibo.com,Female,15.15.240.44
410,Finn,Arrighi,farrighibd@earthlink.net,Male,194.153.122.127
411,Allard,Knappe,aknappebe@dedecms.com,Male,199.104.247.187
412,Izaak,Petre,ipetrebf@wunderground.com,Male,172.77.48.13
413,Mandi,Dulany,mdulanybg@live.com,Female,234.119.169.93
414,Portia,Linkie,plinkiebh@uol.com.br,Female,19.104.22.198
415,Gayle,Buche,gbuchebi@list-manage.com,Male,215.116.198.185
416,Vikky,Eich,veichbj@sun.com,Female,253.181.126.138
417,Kylynn,Vanichkov,kvanichkovbk@mashable.com,Female,53.140.232.143
418,Marcellina,Jiggle,mjigglebl@dyndns.org,Female,51.223.237.12
419,Nahum,Tredger,ntredgerbm@elegantthemes.com,Male,120.221.26.55
420,Dahlia,Vurley,dvurleybn@sbwire.com,Female,195.229.104.197
421,Agna,Frogley,afrogleybo@state.gov,Female,11.163.9.111
422,Ethelred,Misson,emissonbp@blinklist.com,Male,69.91.205.216
423,Cathleen,Shortcliffe,cshortcliffebq@usda.gov,Female,206.72.169.193
424,Shea,Marchi,smarchibr@alibaba.com,Female,30.129.236.254
425,Lexis,Scroyton,lscroytonbs@shinystat.com,Female,177.248.244.44
426,Hamilton,Wormstone,hwormstonebt@illinois.edu,Male,203.46.38.78
427,Michale,Poluzzi,mpoluzzibu@ifeng.com,Male,103.21.170.19
428,Chancey,Haspineall,chaspineallbv@bbc.co.uk,Male,225.186.194.82
429,Isaiah,O'Crowley,iocrowleybw@jiathis.com,Male,255.138.197.66
430,Ruy,Fydoe,rfydoebx@bbb.org,Male,191.244.240.74
431,Aggie,Willatt,awillattby@reuters.com,Female,221.213.13.240
432,Augy,Haseldine,ahaseldinebz@sourceforge.net,Male,95.23.165.201
433,Valery,Forson,vforsonc0@imdb.com,Female,151.113.253.96
434,Doreen,Medling,dmedlingc1@4shared.com,Female,60.208.49.200
435,Martino,Agnew,magnewc2@hao123.com,Male,231.92.92.188
436,Jenine,Hembery,jhemberyc3@t-online.de,Female,116.217.226.109
437,Friedrick,Kiossel,fkiosselc4@cnn.com,Male,176.227.40.94
438,Rabi,Sandcroft,rsandcroftc5@nih.gov,Male,237.238.37.5
439,Kermie,Veld,kveldc6@comcast.net,Male,102.171.183.60
440,Babb,Dowden,bdowdenc7@wikia.com,Female,60.97.204.106
441,Samuel,Freshwater,sfreshwaterc8@bluehost.com,Male,67.179.42.253
442,Filbert,Koop,fkoopc9@va.gov,Male,234.240.237.157
443,Uta,Jenoure,ujenoureca@twitter.com,Female,194.245.107.200
444,Drake,Davern,ddaverncb@dagondesign.com,Male,220.221.184.15
445,Fritz,Arro,farrocc@163.com,Male,64.206.111.181
446,Audi,Kumar,akumarcd@berkeley.edu,Female,212.220.60.234
447,Sal,Feldheim,sfeldheimce@weebly.com,Female,40.196.213.161
448,Aguistin,Deavin,adeavincf@rambler.ru,Male,42.252.237.86
449,Gussy,Narbett,gnarbettcg@marriott.com,Female,145.239.93.89
450,Dorie,Rodbourne,drodbournech@discuz.net,Female,156.181.97.162
451,Parry,Pennell,ppennellci@slate.com,Male,20.81.13.113
452,Nessy,Elwin,nelwincj@usda.gov,Female,52.8.56.198
453,Brandea,Kliemann,bkliemannck@chicagotribune.com,Female,182.253.234.190
454,Trenna,Jerg,tjergcl@goo.gl,Female,207.109.132.250
455,Tiffy,Wabey,twabeycm@sitemeter.com,Female,60.148.111.237
456,Rayna,Bedding,rbeddingcn@gnu.org,Female,193.66.68.143
457,Aluin,Effemy,aeffemyco@newyorker.com,Male,240.54.83.142
458,Frederik,Sandbrook,fsandbrookcp@histats.com,Male,49.234.207.44
459,Skelly,Teesdale,steesdalecq@state.tx.us,Male,166.240.31.145
460,Georgy,Callow,gcallowcr@columbia.edu,Male,252.112.145.175
461,Marlyn,Search,msearchcs@etsy.com,Female,171.253.201.231
462,Clayborne,Wintle,cwintlect@independent.co.uk,Male,246.117.160.171
463,Lexis,MacKilroe,lmackilroecu@businesswire.com,Female,92.23.103.181
464,Mona,Lilburne,mlilburnecv@webmd.com,Female,19.106.233.238
465,Allx,Casetti,acasetticw@fastcompany.com,Female,17.35.230.23
466,Grantley,Aronson,garonsoncx@youtu.be,Male,124.28.197.35
467,Carolin,Christescu,cchristescucy@auda.org.au,Female,191.53.48.66
468,Reinald,Iacoboni,riacobonicz@icio.us,Male,34.125.151.17
469,Deloris,Mantripp,dmantrippd0@wiley.com,Female,103.68.19.177
470,Masha,Waby,mwabyd1@jigsy.com,Female,38.170.14.73
471,Trudy,Boskell,tboskelld2@usda.gov,Female,217.210.52.130
472,Ignacius,Klamp,iklampd3@so-net.ne.jp,Male,101.45.210.131
473,Megen,Cosbey,mcosbeyd4@ox.ac.uk,Female,167.123.213.206
474,Byrom,Juzek,bjuzekd5@cisco.com,Male,61.33.232.17
475,Lezlie,Fawlo,lfawlod6@cnn.com,Female,71.44.235.136
476,Ludovika,Beckinsale,lbeckinsaled7@telegraph.co.uk,Female,178.113.146.63
477,Davin,Eschalette,deschaletted8@howstuffworks.com,Male,161.97.79.18
478,Benedict,Claypole,bclaypoled9@admin.ch,Male,188.154.148.1
479,Brynn,Bonham,bbonhamda@ted.com,Female,174.13.99.213
480,Austen,MacGettigen,amacgettigendb@php.net,Male,182.128.237.229
481,Chaunce,Tosh,ctoshdc@thetimes.co.uk,Male,195.39.38.42
482,Raddie,Draisey,rdraiseydd@scientificamerican.com,Male,69.88.142.129
483,Elisabeth,Dennehy,edennehyde@a8.net,Female,106.31.196.152
484,Emmy,Le Count,elecountdf@tripadvisor.com,Female,54.56.243.189
485,Cassie,Rogers,crogersdg@comcast.net,Male,223.241.219.97
486,Brandie,Blaksland,bblakslanddh@mashable.com,Female,175.182.251.84
487,Dionisio,Dollard,ddollarddi@gizmodo.com,Male,224.104.179.202
488,Ken,Hurles,khurlesdj@free.fr,Male,222.236.109.123
489,Zach,Bootes,zbootesdk@sbwire.com,Male,115.174.117.216
490,Kelvin,Leadbeater,kleadbeaterdl@ed.gov,Male,230.39.5.193
491,Royall,Petrello,rpetrellodm@cdbaby.com,Male,46.193.80.207
492,Adriane,Shellum,ashellumdn@irs.gov,Female,60.101.149.240
493,Claudianus,Scoterbosh,cscoterboshdo@disqus.com,Male,157.136.241.21
494,Vinnie,Grishinov,vgrishinovdp@oakley.com,Female,25.89.139.81
495,Sabrina,Bridgnell,sbridgnelldq@wired.com,Female,164.168.202.102
496,Godfree,Holt,gholtdr@seattletimes.com,Male,60.171.252.251
497,Corinne,Tritten,ctrittends@microsoft.com,Female,228.171.208.147
498,Carry,Rimes,crimesdt@fc2.com,Female,157.253.220.202
499,Conrado,Hartland,chartlanddu@reddit.com,Male,243.223.114.68
500,Ilyssa,Crabb,icrabbdv@miibeian.gov.cn,Female,175.24.47.61
501,Mireielle,Bather,mbatherdw@weibo.com,Female,240.196.20.112
502,Dion,Bysh,dbyshdx@forbes.com,Male,123.222.140.47
503,Kilian,Nerger,knergerdy@mozilla.org,Male,65.187.218.180
504,Nady,Crispin,ncrispindz@usa.gov,Female,107.26.195.2
505,Rowney,Yglesia,ryglesiae0@godaddy.com,Male,100.170.234.239
506,Carney,McIlenna,cmcilennae1@opensource.org,Male,249.170.150.85
507,Catriona,Perigoe,cperigoee2@istockphoto.com,Female,246.39.31.211
508,Bink,Slucock,bslucocke3@squarespace.com,Male,243.133.222.73
509,Venita,Goodin,vgoodine4@last.fm,Female,65.131.182.48
510,Thorpe,Esgate,tesgatee5@mail.ru,Male,180.151.169.91
511,Rodrick,Barwack,rbarwacke6@jiathis.com,Male,105.224.217.235
512,Devin,Holleworth,dholleworthe7@taobao.com,Female,228.78.106.36
513,Ambrose,Reader,areadere8@i2i.jp,Male,155.205.72.79
514,Ardath,Huyge,ahuygee9@theatlantic.com,Female,42.126.105.55
515,Elna,Ruben,erubenea@mozilla.com,Female,168.150.129.239
516,Liane,Cozins,lcozinseb@hostgator.com,Female,250.106.39.157
517,Joelly,Cowans,jcowansec@chicagotribune.com,Female,176.3.17.160
518,Britni,Attewill,battewilled@admin.ch,Female,169.122.207.90
519,Heinrick,Murcutt,hmurcuttee@addtoany.com,Male,184.198.232.108
520,Carly,Gateman,cgatemanef@t-online.de,Female,102.229.149.198
521,Kevina,Babonau,kbabonaueg@goo.gl,Female,152.203.44.133
522,Aloisia,Minor,aminoreh@msn.com,Female,105.123.130.223
523,Kizzee,Lanceley,klanceleyei@usa.gov,Female,139.153.120.21
524,Denise,Trowsdall,dtrowsdallej@google.ca,Female,77.170.99.48
525,Chevalier,Errowe,cerroweek@php.net,Male,228.208.170.26
526,Efrem,Giraldez,egiraldezel@php.net,Male,7.103.183.63
527,Sebastiano,Beilby,sbeilbyem@ustream.tv,Male,141.60.101.161
528,Krystle,Dwelling,kdwellingen@histats.com,Female,128.188.35.246
529,Weidar,Boot,wbooteo@huffingtonpost.com,Male,31.171.123.211
530,Clarine,Yearsley,cyearsleyep@salon.com,Female,36.254.110.234
531,Sim,Abeau,sabeaueq@disqus.com,Male,61.124.245.11
532,Marlin,Orritt,morritter@webmd.com,Male,192.114.169.202
533,Bethany,Firman,bfirmanes@dmoz.org,Female,180.172.155.134
534,Nickolaus,Athersmith,nathersmithet@github.io,Male,11.77.79.242
535,Franciskus,Ivanchov,fivanchoveu@google.pl,Male,73.156.138.189
536,Cayla,Fry,cfryev@bloomberg.com,Female,82.146.68.118
537,Maxy,Stirzaker,mstirzakerew@skype.com,Male,228.125.202.7
538,Vasily,Traice,vtraiceex@ask.com,Male,43.126.73.80
539,Brandy,Swindall,bswindalley@xinhuanet.com,Female,44.125.102.229
540,Marvin,Trewhella,mtrewhellaez@blogspot.com,Male,245.150.129.54
541,Pascal,Adamowicz,padamowiczf0@ed.gov,Male,202.70.189.201
542,Alejandra,Zeale,azealef1@sourceforge.net,Female,136.159.227.82
543,Garik,Summerscales,gsummerscalesf2@twitpic.com,Male,206.93.15.66
544,Jeniece,Ashborn,jashbornf3@washington.edu,Female,127.63.142.108
545,Hattie,Whittington,hwhittingtonf4@thetimes.co.uk,Female,59.71.36.234
546,Garreth,Moggle,gmogglef5@marriott.com,Male,66.76.109.120
547,Milo,Macguire,mmacguiref6@toplist.cz,Male,132.129.191.58
548,Stefano,Minett,sminettf7@wordpress.org,Male,233.107.108.191
549,Corine,Basire,cbasiref8@spiegel.de,Female,44.55.126.49
550,Petra,Paulack,ppaulackf9@multiply.com,Female,107.130.230.5
551,Nancee,Arrol,narrolfa@telegraph.co.uk,Female,45.151.74.87
552,Filippo,Twyford,ftwyfordfb@homestead.com,Male,242.88.195.68
553,Mariele,Burborough,mburboroughfc@google.nl,Female,137.253.176.206
554,Gram,Fourmy,gfourmyfd@samsung.com,Male,230.171.28.249
555,Booth,Pichan,bpichanfe@wunderground.com,Male,168.106.161.82
556,D'arcy,Owbridge,dowbridgeff@jimdo.com,Male,183.136.29.36
557,Ashely,Doram,adoramfg@ycombinator.com,Female,117.193.5.99
558,Wendel,Rossbrooke,wrossbrookefh@princeton.edu,Male,113.4.175.118
559,Martguerita,Keyse,mkeysefi@hugedomains.com,Female,160.254.118.12
560,Jozef,Coopper,jcoopperfj@unesco.org,Male,137.17.160.139
561,Nanette,Grewe,ngrewefk@t-online.de,Female,215.174.127.97
562,Jesus,Imesen,jimesenfl@smh.com.au,Male,156.152.21.0
563,Barty,Agostini,bagostinifm@instagram.com,Male,39.207.174.139
564,Flynn,Yukhnev,fyukhnevfn@addthis.com,Male,132.86.103.157
565,Cobb,Barkus,cbarkusfo@sun.com,Male,111.98.203.79
566,Teador,Priddis,tpriddisfp@gov.uk,Male,7.169.75.91
567,Wadsworth,Halwood,whalwoodfq@usgs.gov,Male,14.213.111.33
568,Nicholas,Woodsford,nwoodsfordfr@vimeo.com,Male,133.87.41.77
569,Mendie,Kave,mkavefs@list-manage.com,Male,168.20.214.74
570,Korrie,Schwandermann,kschwandermannft@businessinsider.com,Female,73.217.172.200
571,Muffin,Eborall,meborallfu@ameblo.jp,Male,196.215.181.117
572,Salli,Biasini,sbiasinifv@jalbum.net,Female,189.7.245.229
573,Herta,Tortoishell,htortoishellfw@symantec.com,Female,245.161.247.219
574,Ertha,Sutlieff,esutliefffx@zimbio.com,Female,62.107.172.110
575,Belia,McCrie,bmccriefy@blogger.com,Female,65.119.7.19
576,Jarrad,Harnett,jharnettfz@huffingtonpost.com,Male,240.219.121.202
577,Salomon,Duffield,sduffieldg0@infoseek.co.jp,Male,29.252.153.135
578,Sutherlan,Gourlay,sgourlayg1@creativecommons.org,Male,244.46.119.42
579,Jase,Skaif,jskaifg2@census.gov,Male,216.240.159.15
580,Alic,Ahlf,aahlfg3@instagram.com,Male,126.42.239.9
581,Arney,Howles,ahowlesg4@nifty.com,Male,208.154.188.198
582,Celie,Edlestone,cedlestoneg5@businessinsider.com,Female,254.34.100.56
583,Inez,Emms,iemmsg6@who.int,Female,97.0.241.176
584,Clovis,Benbrick,cbenbrickg7@mysql.com,Female,197.16.7.91
585,Corrie,Riping,cripingg8@last.fm,Female,38.177.55.65
586,Tiffy,Galilee,tgalileeg9@comcast.net,Female,57.171.44.198
587,Michelina,Hucks,mhucksga@yahoo.com,Female,235.36.209.59
588,Nora,Jersch,njerschgb@macromedia.com,Female,236.190.245.244
589,Lockwood,Athelstan,lathelstangc@rakuten.co.jp,Male,131.128.205.33
590,Tobe,Abby,tabbygd@apache.org,Male,7.70.43.36
591,Etheline,Stride,estridege@businesswire.com,Female,214.160.48.175
592,Seth,Tolworthy,stolworthygf@unblog.fr,Male,30.99.206.6
593,Noach,Biggadyke,nbiggadykegg@nifty.com,Male,2.101.178.158
594,Haze,Treske,htreskegh@google.ru,Male,183.48.86.101
595,Bondy,Garces,bgarcesgi@seesaa.net,Male,255.34.107.230
596,Craggy,Frapwell,cfrapwellgj@rambler.ru,Male,208.119.58.18
597,Cullin,Ruckhard,cruckhardgk@artisteer.com,Male,237.25.209.50
598,Araldo,MacCrosson,amaccrossongl@csmonitor.com,Male,235.74.49.4
599,Noam,Golding,ngoldinggm@bloglines.com,Male,14.196.112.183
600,Sullivan,Keveren,skeverengn@google.co.jp,Male,229.35.254.253
601,Sydney,Loins,sloinsgo@cnn.com,Male,179.226.237.169
602,Marla,Mangon,mmangongp@yahoo.com,Female,165.244.165.39
603,Tandie,Shellshear,tshellsheargq@moonfruit.com,Female,202.45.245.101
604,Andreana,Kubanek,akubanekgr@cpanel.net,Female,227.175.214.87
605,Salli,Pargent,spargentgs@si.edu,Female,237.106.146.69
606,Celinka,Brunelli,cbrunelligt@spiegel.de,Female,243.205.195.180
607,Jard,Vurley,jvurleygu@foxnews.com,Male,253.142.246.218
608,Milena,Arrundale,marrundalegv@github.io,Female,159.242.246.69
609,Read,Palfreeman,rpalfreemangw@godaddy.com,Male,157.190.131.246
610,Leland,Rignall,lrignallgx@unicef.org,Male,94.253.91.106
611,Antons,Yglesias,ayglesiasgy@theatlantic.com,Male,74.48.4.167
612,Blondelle,Yacobsohn,byacobsohngz@amazon.com,Female,43.184.168.71
613,Broderick,Colvin,bcolvinh0@yahoo.co.jp,Male,132.212.216.92
614,Roze,Marchetti,rmarchettih1@paginegialle.it,Female,8.68.31.249
615,Correy,Geindre,cgeindreh2@admin.ch,Male,239.213.39.82
616,Ines,Boullen,iboullenh3@drupal.org,Female,177.83.170.208
617,Windham,Payle,wpayleh4@smugmug.com,Male,43.130.34.128
618,Gualterio,Dall,gdallh5@blogs.com,Male,26.194.94.207
619,Zia,Davana,zdavanah6@mozilla.org,Female,152.239.84.117
620,Hermia,Roddell,hroddellh7@joomla.org,Female,140.83.232.210
621,Madison,Moodycliffe,mmoodycliffeh8@ocn.ne.jp,Male,242.51.209.166
622,Cyndi,Weems,cweemsh9@ucla.edu,Female,37.0.85.157
623,Gilbertina,Winny,gwinnyha@time.com,Female,183.11.109.206
624,Lynda,Girton,lgirtonhb@princeton.edu,Female,14.64.53.122
625,Danice,Nolder,dnolderhc@google.com.br,Female,80.43.160.149
626,Lurline,Larder,llarderhd@statcounter.com,Female,70.161.119.191
627,Loren,Ruston,lrustonhe@home.pl,Male,58.78.199.241
628,Kermit,Fealty,kfealtyhf@squarespace.com,Male,83.74.167.227
629,Ives,Todaro,itodarohg@usatoday.com,Male,222.185.24.77
630,Andrej,Klimkowski,aklimkowskihh@pinterest.com,Male,69.142.122.85
631,Mollee,O'Giany,mogianyhi@people.com.cn,Female,0.220.129.9
632,Ruggiero,Klossek,rklossekhj@dedecms.com,Male,215.184.33.71
633,Nathalia,Norster,nnorsterhk@salon.com,Female,255.19.148.21
634,Natalie,Colborn,ncolbornhl@newyorker.com,Female,139.102.93.93
635,Cynthia,Friary,cfriaryhm@psu.edu,Female,189.173.194.162
636,Paulo,Spohrmann,pspohrmannhn@pen.io,Male,160.29.26.250
637,Kinny,Casterot,kcasterotho@hatena.ne.jp,Male,203.97.174.146
638,Vallie,Yukhnev,vyukhnevhp@time.com,Female,243.203.186.11
639,Olav,Hacker,ohackerhq@illinois.edu,Male,0.103.211.230
640,Evy,Gordon,egordonhr@cnn.com,Female,160.160.194.232
641,Kristan,Roelvink,kroelvinkhs@apple.com,Female,85.213.29.115
642,Bald,Thirlaway,bthirlawayht@cafepress.com,Male,2.189.92.185
643,Clair,Morsley,cmorsleyhu@i2i.jp,Male,41.164.146.115
644,Katrinka,Leglise,kleglisehv@slashdot.org,Female,146.233.2.165
645,Magdalena,Howey,mhoweyhw@virginia.edu,Female,102.213.17.222
646,Basile,McRuvie,bmcruviehx@time.com,Male,201.169.103.224
647,Giordano,Rive,grivehy@histats.com,Male,213.248.72.71
648,Mela,Jaycocks,mjaycockshz@whitehouse.gov,Female,39.26.110.233
649,Jae,Giacovazzo,jgiacovazzoi0@blinklist.com,Male,137.56.172.138
650,Arlinda,Climpson,aclimpsoni1@deviantart.com,Female,255.88.42.195
651,Jaye,Cashen,jcasheni2@seesaa.net,Male,122.153.38.66
652,Francene,Bunclark,fbunclarki3@mit.edu,Female,177.53.157.72
653,Willow,Lathey,wlatheyi4@house.gov,Female,144.201.44.85
654,Anstice,Nelthorpe,anelthorpei5@webs.com,Female,41.87.33.106
655,Susan,Mapholm,smapholmi6@comsenz.com,Female,231.138.165.84
656,Lianna,Farquar,lfarquari7@sina.com.cn,Female,136.241.3.37
657,Al,Stepto,asteptoi8@posterous.com,Male,137.184.195.15
658,Garik,Plaster,gplasteri9@skype.com,Male,0.62.237.172
659,Layton,Gurry,lgurryia@prweb.com,Male,114.58.213.205
660,Arlene,Pouton,apoutonib@xing.com,Female,15.175.219.140
661,Aila,Cowcha,acowchaic@youtu.be,Female,142.31.8.200
662,Oralee,De Mars,odemarsid@timesonline.co.uk,Female,245.146.190.76
663,Lon,Mixhel,lmixhelie@prlog.org,Male,246.49.41.169
664,Freeman,Peepall,fpeepallif@admin.ch,Male,191.162.202.212
665,Odelinda,Leyzell,oleyzellig@example.com,Female,115.26.14.58
666,Ingelbert,Mazzey,imazzeyih@123-reg.co.uk,Male,211.53.84.47
667,Aloysia,Stroulger,astroulgerii@weather.com,Female,203.108.7.19
668,Adolphus,Durden,adurdenij@storify.com,Male,43.128.102.139
669,Alana,Nadin,anadinik@bigcartel.com,Female,23.244.41.113
670,Lyndsie,Rimmer,lrimmeril@si.edu,Female,106.241.250.124
671,Berny,Bett,bbettim@addtoany.com,Female,108.10.208.86
672,Iseabal,Husband,ihusbandin@sohu.com,Female,217.29.103.222
673,Mariam,Tudhope,mtudhopeio@home.pl,Female,247.163.220.221
674,Madlen,Cobbold,mcobboldip@army.mil,Female,63.22.180.135
675,Orion,Roman,oromaniq@domainmarket.com,Male,18.56.82.140
676,Eadmund,Burfield,eburfieldir@prlog.org,Male,124.215.130.128
677,Matthieu,Castagnaro,mcastagnarois@accuweather.com,Male,19.103.67.53
678,Mathian,Whytock,mwhytockit@purevolume.com,Male,194.105.43.71
679,Shayne,Millan,smillaniu@ning.com,Male,197.24.154.13
680,Julio,McCurdy,jmccurdyiv@canalblog.com,Male,220.71.60.14
681,Meredith,Burberow,mburberowiw@senate.gov,Female,4.140.205.43
682,Effie,Bach,ebachix@cdc.gov,Female,157.4.52.38
683,Anet,Gatley,agatleyiy@vk.com,Female,165.246.10.2
684,Willow,Kulis,wkulisiz@latimes.com,Female,86.11.166.117
685,Josepha,Landman,jlandmanj0@usgs.gov,Female,11.32.248.252
686,Sterne,Lorimer,slorimerj1@ebay.com,Male,188.225.51.224
687,Steward,Lowthorpe,slowthorpej2@dailymail.co.uk,Male,200.226.201.3
688,Maria,Trenoweth,mtrenowethj3@hostgator.com,Female,60.189.190.22
689,Ilise,Sandaver,isandaverj4@ebay.co.uk,Female,252.122.116.58
690,Ilario,Asquez,iasquezj5@over-blog.com,Male,255.223.151.93
691,Gasparo,Archbell,garchbellj6@typepad.com,Male,201.139.99.116
692,Mikel,Slack,mslackj7@so-net.ne.jp,Male,225.75.100.107
693,Blakelee,Swinburne,bswinburnej8@pcworld.com,Female,200.126.123.160
694,Inga,Treher,itreherj9@ihg.com,Female,75.60.67.54
695,Lorene,Shobbrook,lshobbrookja@hud.gov,Female,0.157.250.59
696,Elliott,Troctor,etroctorjb@yahoo.co.jp,Male,221.115.153.149
697,Ronny,Ruppert,rruppertjc@bluehost.com,Male,224.170.176.88
698,Brand,Eldrid,beldridjd@ft.com,Male,227.56.230.192
699,Ancell,Barthropp,abarthroppje@gravatar.com,Male,83.102.181.181
700,Blanch,Bradick,bbradickjf@un.org,Female,223.213.85.104
701,Cosme,Ince,cincejg@fotki.com,Male,127.98.93.140
702,Melvyn,Cisec,mcisecjh@freewebs.com,Male,74.11.68.174
703,Warden,Grigolashvill,wgrigolashvillji@ucoz.ru,Male,66.123.213.142
704,Michelina,Lage,mlagejj@booking.com,Female,23.48.101.174
705,Natty,McKag,nmckagjk@archive.org,Male,86.98.174.176
706,Fianna,France,ffrancejl@yale.edu,Female,6.116.254.226
707,Eilis,Trahear,etrahearjm@engadget.com,Female,244.238.175.203
708,Bartholomew,Hairon,bhaironjn@businessweek.com,Male,60.96.121.240
709,Abbey,Foister,afoisterjo@ftc.gov,Female,117.94.231.217
710,Alwyn,Cordeau],acordeaujp@admin.ch,Male,151.106.217.211
711,Melantha,Jagels,mjagelsjq@wikispaces.com,Female,221.167.44.179
712,Frankie,Whapple,fwhapplejr@phoca.cz,Male,61.22.18.120
713,Fabe,Dufaire,fdufairejs@google.nl,Male,170.72.111.227
714,Rickie,Gabotti,rgabottijt@purevolume.com,Male,29.90.93.160
715,Patsy,Norvell,pnorvellju@ask.com,Female,66.234.106.76
716,Mollie,Heersema,mheersemajv@jugem.jp,Female,181.97.160.209
717,Lucretia,Walsom,lwalsomjw@usgs.gov,Female,167.78.227.23
718,Pascale,Juszkiewicz,pjuszkiewiczjx@goodreads.com,Male,252.187.22.40
719,Kitty,Burnep,kburnepjy@sciencedaily.com,Female,81.144.90.51
720,Ado,Chinnock,achinnockjz@cbslocal.com,Male,207.214.38.17
721,Jennilee,Vondrach,jvondrachk0@alexa.com,Female,144.27.129.44
722,Darrin,Bocke,dbockek1@dailymotion.com,Male,111.62.247.234
723,Oralle,Greene,ogreenek2@va.gov,Female,193.199.55.193
724,Betsey,Gratten,bgrattenk3@e-recht24.de,Female,74.222.131.12
725,Ozzie,Peniman,openimank4@scribd.com,Male,65.59.41.103
726,Kermit,Kayne,kkaynek5@seattletimes.com,Male,187.102.39.67
727,Wiatt,Ferronier,wferronierk6@engadget.com,Male,174.8.202.163
728,Hailey,McLelland,hmclellandk7@themeforest.net,Male,191.73.195.129
729,Fina,Shapter,fshapterk8@japanpost.jp,Female,29.14.180.245
730,Jeffry,Webberley,jwebberleyk9@msu.edu,Male,180.146.171.24
731,Stacia,Gaylard,sgaylardka@wikipedia.org,Female,137.213.24.245
732,Godart,Hans,ghanskb@yahoo.co.jp,Male,240.27.214.45
733,Mortie,Trow,mtrowkc@odnoklassniki.ru,Male,133.192.18.170
734,Ive,Wolfarth,iwolfarthkd@amazon.co.jp,Male,241.105.16.114
735,Chev,Reddyhoff,creddyhoffke@va.gov,Male,150.215.65.134
736,Shermy,Bockh,sbockhkf@businessweek.com,Male,149.139.128.176
737,Laurel,Gokes,lgokeskg@princeton.edu,Female,29.223.20.29
738,Gardy,Trahair,gtrahairkh@bandcamp.com,Male,161.46.249.232
739,Magdalena,Saltmarsh,msaltmarshki@msn.com,Female,136.64.124.57
740,Loraine,Egle,leglekj@google.ca,Female,254.137.10.186
741,Pattie,Scanlin,pscanlinkk@google.com.hk,Male,103.185.66.219
742,Findley,Jarrard,fjarrardkl@de.vu,Male,130.248.34.77
743,Shandy,Serle,sserlekm@reverbnation.com,Female,107.80.213.138
744,Hubert,Rimes,hrimeskn@uol.com.br,Male,4.131.38.76
745,Nevins,Aird,nairdko@parallels.com,Male,54.84.239.235
746,Janella,Wellstood,jwellstoodkp@theguardian.com,Female,249.129.141.149
747,Ariela,Petrak,apetrakkq@vkontakte.ru,Female,170.159.133.91
748,Steffen,Rakes,srakeskr@symantec.com,Male,250.169.87.112
749,Jehu,Easterbrook,jeasterbrookks@parallels.com,Male,156.141.67.157
750,Catina,Wolledge,cwolledgekt@latimes.com,Female,23.173.124.28
751,Brandise,Bulluck,bbulluckku@upenn.edu,Female,177.115.164.123
752,Dacie,Torrance,dtorrancekv@g.co,Female,106.179.62.205
753,Avril,Peffer,apefferkw@umn.edu,Female,194.238.127.153
754,Hedvige,Northover,hnorthoverkx@bbc.co.uk,Female,187.197.5.136
755,Gerianne,Parrish,gparrishky@mail.ru,Female,235.179.214.215
756,Erinna,Postins,epostinskz@artisteer.com,Female,220.109.226.211
757,Cory,Hames,chamesl0@tmall.com,Male,253.12.130.156
758,Antonio,Duesbury,aduesburyl1@godaddy.com,Male,32.245.156.20
759,Devora,Flowers,dflowersl2@feedburner.com,Female,30.251.190.159
760,Alejandra,Bluschke,abluschkel3@hao123.com,Female,36.62.147.17
761,Isidor,Winstone,iwinstonel4@feedburner.com,Male,211.247.118.150
762,Othella,Hagwood,ohagwoodl5@sfgate.com,Female,12.131.4.125
763,Delmer,Ivashintsov,divashintsovl6@google.es,Male,218.131.79.62
764,Alanah,Tabary,atabaryl7@squidoo.com,Female,110.188.62.48
765,Jacquelynn,Corringham,jcorringhaml8@live.com,Female,129.76.88.213
766,Chrysler,Roalfe,croalfel9@unblog.fr,Female,48.115.82.224
767,Fleur,Garthside,fgarthsidela@nifty.com,Female,239.15.232.33
768,Elia,Pemble,epemblelb@bigcartel.com,Male,19.177.65.5
769,May,Sidebottom,msidebottomlc@marriott.com,Female,118.45.105.243
770,Jerrome,Pentony,jpentonyld@jalbum.net,Male,241.144.190.5
771,Arly,Segoe,asegoele@deliciousdays.com,Female,10.159.40.109
772,Jereme,Chisnell,jchisnelllf@diigo.com,Male,24.169.60.100
773,Delphinia,Oak,doaklg@china.com.cn,Female,176.247.118.14
774,Mason,Weetch,mweetchlh@multiply.com,Male,168.80.61.229
775,Kennett,Boulter,kboulterli@chron.com,Male,69.121.123.178
776,Charmain,Guihen,cguihenlj@i2i.jp,Female,119.135.76.0
777,Petronille,Bendig,pbendiglk@nyu.edu,Female,144.237.102.217
778,Liana,Hercock,lhercockll@youtu.be,Female,222.56.42.171
779,Yankee,Rupprecht,yrupprechtlm@addtoany.com,Male,170.130.168.196
780,Cherise,Harwell,charwellln@yellowbook.com,Female,80.209.166.19
781,Dud,de la Tremoille,ddelatremoillelo@princeton.edu,Male,30.5.71.235
782,Oralle,Battaille,obattaillelp@wunderground.com,Female,52.128.48.224
783,Barnaby,Camm,bcammlq@blogger.com,Male,2.124.209.111
784,Axe,Tesseyman,atesseymanlr@technorati.com,Male,173.58.193.85
785,Chrissie,Fice,cficels@dailymotion.com,Female,220.249.152.42
786,Cristabel,Fidoe,cfidoelt@harvard.edu,Female,68.110.63.236
787,Halley,Crookshank,hcrookshanklu@irs.gov,Female,93.18.19.66
788,Dallas,Pietersen,dpietersenlv@unc.edu,Male,131.53.245.166
789,Slade,de Cullip,sdeculliplw@com.com,Male,250.128.199.163
790,Hercules,Alesin,halesinlx@tiny.cc,Male,58.76.178.6
791,Geri,Kingston,gkingstonly@sakura.ne.jp,Female,69.104.244.179
792,Lona,Gergus,lgerguslz@apple.com,Female,57.228.168.145
793,Burton,d' Eye,bdeyem0@ibm.com,Male,16.250.58.187
794,Kahlil,McGenn,kmcgennm1@photobucket.com,Male,215.199.114.69
795,Nannie,Zincke,nzinckem2@unesco.org,Female,135.213.31.173
796,Yule,Reaper,yreaperm3@gmpg.org,Male,191.202.84.205
797,Kip,Cancutt,kcancuttm4@tamu.edu,Female,175.117.2.232
798,Agnesse,Peniello,apeniellom5@google.nl,Female,27.147.109.232
799,Georgy,Giroldo,ggiroldom6@comcast.net,Male,206.163.172.101
800,Nobe,Petyakov,npetyakovm7@hc360.com,Male,60.96.246.251
801,Gayleen,Le-Good,glegoodm8@fotki.com,Female,171.215.187.90
802,Eada,Lampe,elampem9@mysql.com,Female,129.239.143.27
803,Beverly,Gration,bgrationma@prnewswire.com,Female,194.63.96.199
804,Patsy,Hamblin,phamblinmb@pen.io,Male,126.130.69.112
805,Dom,Trippett,dtrippettmc@msu.edu,Male,193.67.198.94
806,Stephan,Hexham,shexhammd@jugem.jp,Male,245.233.17.161
807,Dwain,Ellin,dellinme@wix.com,Male,130.79.11.13
808,Dame,Purvis,dpurvismf@shop-pro.jp,Male,113.87.207.89
809,Edlin,Deveraux,edeverauxmg@skyrock.com,Male,176.119.68.49
810,Rowen,Grosvener,rgrosvenermh@latimes.com,Male,250.177.83.167
811,Giorgio,Crichmer,gcrichmermi@prweb.com,Male,88.149.27.175
812,Salem,Dunckley,sdunckleymj@geocities.jp,Male,112.112.46.25
813,Cristen,Riepel,criepelmk@yellowpages.com,Female,60.3.135.220
814,Nikki,Gwyn,ngwynml@mozilla.org,Male,39.183.64.98
815,Ricky,Lethieulier,rlethieuliermm@smugmug.com,Female,97.99.193.55
816,Laurena,Clemendot,lclemendotmn@craigslist.org,Female,254.91.253.206
817,Feodor,Sircomb,fsircombmo@gravatar.com,Male,234.185.216.195
818,Ryun,Attwoul,rattwoulmp@senate.gov,Male,15.139.151.227
819,Sibella,Rhodus,srhodusmq@joomla.org,Female,51.248.232.35
820,Trish,Risely,triselymr@pagesperso-orange.fr,Female,233.203.166.148
821,Joyous,Valasek,jvalasekms@cdbaby.com,Female,1.3.179.14
822,Etan,Collimore,ecollimoremt@google.it,Male,41.42.174.75
823,Sheilah,Whannel,swhannelmu@github.com,Female,60.195.164.22
824,Morgana,Baunton,mbauntonmv@cpanel.net,Female,136.13.76.91
825,Carlynn,Loughrey,cloughreymw@cornell.edu,Female,36.161.216.69
826,Malva,Kesteven,mkestevenmx@smh.com.au,Female,158.140.151.170
827,Win,Abramovici,wabramovicimy@answers.com,Male,179.232.38.243
828,Prinz,Union,punionmz@blogtalkradio.com,Male,136.14.240.98
829,Teresa,Scurrer,tscurrern0@yahoo.co.jp,Female,33.157.119.202
830,Obadias,Asals,oasalsn1@dagondesign.com,Male,8.34.226.243
831,Bessie,Ruzic,bruzicn2@bbb.org,Female,93.232.9.149
832,Brigham,Brownsell,bbrownselln3@bbb.org,Male,146.171.29.27
833,Seymour,Aguilar,saguilarn4@sciencedaily.com,Male,28.19.137.162
834,Felizio,Guerreau,fguerreaun5@over-blog.com,Male,254.127.150.209
835,Gavrielle,Poile,gpoilen6@yellowpages.com,Female,173.11.8.233
836,Jaquelyn,Ramet,jrametn7@boston.com,Female,88.137.211.100
837,Flint,Olver,folvern8@ustream.tv,Male,153.151.103.221
838,Hakeem,Roft,hroftn9@ocn.ne.jp,Male,163.99.88.195
839,Fawnia,Lambertson,flambertsonna@digg.com,Female,160.109.162.41
840,Grannie,Rodwell,grodwellnb@scientificamerican.com,Male,15.113.68.166
841,Erika,de Pinna,edepinnanc@thetimes.co.uk,Female,98.21.96.109
842,Brod,O'Dreain,bodreainnd@newsvine.com,Male,55.16.17.79
843,Laurent,Vodden,lvoddenne@domainmarket.com,Male,96.102.209.236
844,Henryetta,Lowdeane,hlowdeanenf@irs.gov,Female,81.191.207.61
845,Cass,Fitzroy,cfitzroyng@arizona.edu,Male,3.236.104.44
846,Jarrett,Balharry,jbalharrynh@canalblog.com,Male,113.103.67.162
847,Brunhilde,Heinonen,bheinonenni@alexa.com,Female,247.13.247.24
848,Garret,Jezard,gjezardnj@artisteer.com,Male,177.194.15.205
849,York,Syme,ysymenk@pinterest.com,Male,202.43.64.6
850,Josie,Blainey,jblaineynl@berkeley.edu,Female,33.58.104.172
851,Ronni,Dressel,rdresselnm@comcast.net,Female,111.166.97.224
852,Enoch,Thomlinson,ethomlinsonnn@t.co,Male,111.67.123.104
853,York,Fuzzard,yfuzzardno@domainmarket.com,Male,44.177.181.183
854,Robin,Ghent,rghentnp@is.gd,Male,247.105.191.200
855,Alexio,Phair,aphairnq@businessinsider.com,Male,151.80.141.239
856,Bryce,Lambertz,blambertznr@yale.edu,Male,31.155.124.72
857,Marven,Vequaud,mvequaudns@washington.edu,Male,87.64.245.15
858,Lenore,Alleyne,lalleynent@youku.com,Female,32.61.24.21
859,Read,Cantrill,rcantrillnu@themeforest.net,Male,103.163.141.188
860,Andres,Jekel,ajekelnv@vistaprint.com,Male,137.76.140.24
861,Gaynor,Kirkwood,gkirkwoodnw@oaic.gov.au,Female,162.254.173.202
862,Maiga,Paulmann,mpaulmannnx@forbes.com,Female,103.15.28.7
863,Joey,Clouter,jclouterny@diigo.com,Male,69.125.228.115
864,Rudiger,Eilhermann,reilhermannnz@yellowpages.com,Male,118.68.111.32
865,Lon,Balnave,lbalnaveo0@newyorker.com,Male,15.28.149.158
866,Justino,Royson,jroysono1@disqus.com,Male,148.137.123.51
867,Hendrik,Redolfi,hredolfio2@deviantart.com,Male,77.61.11.201
868,Chaim,Ivashin,civashino3@ycombinator.com,Male,108.238.231.175
869,Asher,Burroughes,aburrougheso4@pagesperso-orange.fr,Male,24.179.184.159
870,Fredelia,Sherrocks,fsherrockso5@va.gov,Female,1.177.70.125
871,Shawn,Kinglake,skinglakeo6@hatena.ne.jp,Female,153.173.159.241
872,Ulrike,Swainger,uswaingero7@flavors.me,Female,140.26.59.78
873,Frederich,Graeme,fgraemeo8@google.co.jp,Male,31.194.149.13
874,Samuel,O'dell,sodello9@columbia.edu,Male,106.113.69.245
875,Mischa,Margerison,mmargerisonoa@tripod.com,Male,73.166.14.38
876,Cathy,Baskeyfield,cbaskeyfieldob@bizjournals.com,Female,174.101.142.212
877,Vilhelmina,Healey,vhealeyoc@sun.com,Female,19.9.205.120
878,Robinet,Clapston,rclapstonod@cornell.edu,Female,175.247.17.18
879,Finn,Lycett,flycettoe@gov.uk,Male,57.146.173.137
880,Abner,Stoves,astovesof@hud.gov,Male,142.60.30.97
881,Farleigh,Gwilliams,fgwilliamsog@miibeian.gov.cn,Male,62.216.74.132
882,Ilka,Medling,imedlingoh@storify.com,Female,141.109.198.18
883,Percy,Pirt,ppirtoi@ycombinator.com,Male,19.158.142.68
884,Danell,Churchlow,dchurchlowoj@msn.com,Female,79.244.191.239
885,Lurlene,Bulfield,lbulfieldok@dailymail.co.uk,Female,198.244.42.74
886,Alida,Aleksashin,aaleksashinol@about.com,Female,61.56.173.133
887,Kitti,Melliard,kmelliardom@nba.com,Female,60.169.107.110
888,Kessiah,Brambley,kbrambleyon@mozilla.org,Female,10.72.199.208
889,Gideon,Woollacott,gwoollacottoo@huffingtonpost.com,Male,157.4.134.91
890,Marwin,Bernardt,mbernardtop@slashdot.org,Male,254.9.144.234
891,Brear,Bamblett,bbamblettoq@whitehouse.gov,Female,16.212.228.166
892,Gaultiero,Jandel,gjandelor@pbs.org,Male,66.232.16.175
893,Terrill,Larwood,tlarwoodos@twitpic.com,Male,164.255.71.154
894,Cristiano,Saulter,csaulterot@nih.gov,Male,182.73.72.239
895,Kai,Yegorshin,kyegorshinou@t.co,Female,149.176.95.20
896,Job,O'Geaney,jogeaneyov@e-recht24.de,Male,138.125.49.6
897,Fergus,Cessford,fcessfordow@diigo.com,Male,158.195.240.175
898,Bertram,De Malchar,bdemalcharox@amazon.co.uk,Male,221.55.101.113
899,Shirline,Rattrie,srattrieoy@ezinearticles.com,Female,142.16.78.235
900,Anitra,Lewerenz,alewerenzoz@ebay.co.uk,Female,46.210.45.237
901,Gifford,Emerson,gemersonp0@berkeley.edu,Male,18.242.168.180
902,Bradly,Summerlad,bsummerladp1@dyndns.org,Male,75.32.12.44
903,Dawna,Cinnamond,dcinnamondp2@reference.com,Female,158.217.202.19
904,Terri,Alvares,talvaresp3@imdb.com,Male,60.53.176.189
905,Haleigh,Niaves,hniavesp4@ebay.co.uk,Male,141.7.13.16
906,Hadleigh,McGrouther,hmcgroutherp5@51.la,Male,156.7.19.20
907,Flem,Royle,froylep6@tripod.com,Male,0.247.182.189
908,Hammad,Strangwood,hstrangwoodp7@mashable.com,Male,168.101.9.220
909,Abner,Spawton,aspawtonp8@icq.com,Male,216.16.19.245
910,Otha,Fildery,ofilderyp9@desdev.cn,Female,81.214.214.138
911,Wilfrid,Sayre,wsayrepa@bandcamp.com,Male,32.156.121.13
912,Ivory,Dougill,idougillpb@sciencedirect.com,Female,199.171.19.134
913,Byram,Kobierra,bkobierrapc@blinklist.com,Male,111.111.154.65
914,Axe,Denison,adenisonpd@washingtonpost.com,Male,24.97.53.153
915,Jo-ann,Kenna,jkennape@go.com,Female,38.135.207.88
916,Pierre,Sutcliffe,psutcliffepf@addtoany.com,Male,114.251.7.147
917,Kristian,Scrivner,kscrivnerpg@house.gov,Male,82.28.174.138
918,Jim,Stonebridge,jstonebridgeph@businessweek.com,Male,167.30.153.178
919,Reinaldos,Million,rmillionpi@jalbum.net,Male,48.54.135.18
920,Teodora,Cappel,tcappelpj@msu.edu,Female,156.249.90.78
921,Bil,Gasson,bgassonpk@wired.com,Male,194.5.120.212
922,Cori,Kerrigan,ckerriganpl@hugedomains.com,Male,71.37.107.97
923,Elinore,Londors,elondorspm@slate.com,Female,16.122.194.53
924,Alexi,Francisco,afranciscopn@yellowpages.com,Female,132.3.115.84
925,Sigrid,Antley,santleypo@diigo.com,Female,83.244.11.237
926,Yasmin,Pigram,ypigrampp@patch.com,Female,107.189.203.72
927,Nikki,Darko,ndarkopq@uol.com.br,Male,192.146.184.234
928,Florina,Grunwald,fgrunwaldpr@google.com.au,Female,123.130.60.48
929,Alvin,Spottiswood,aspottiswoodps@yale.edu,Male,59.213.3.160
930,Derril,Linstead,dlinsteadpt@bloomberg.com,Male,170.244.176.127
931,Anthiathia,Holliar,aholliarpu@bloomberg.com,Female,128.209.253.22
932,Silvan,Barroux,sbarrouxpv@qq.com,Male,5.62.155.183
933,Jack,Tackell,jtackellpw@latimes.com,Male,18.207.8.248
934,Reinaldos,Ornillos,rornillospx@youku.com,Male,13.141.248.72
935,Dicky,Burel,dburelpy@narod.ru,Male,40.142.214.192
936,Binni,Futter,bfutterpz@wsj.com,Female,254.117.218.4
937,Sidonnie,Jzak,sjzakq0@istockphoto.com,Female,66.43.205.114
938,Jeniffer,Geikie,jgeikieq1@adobe.com,Female,128.37.95.158
939,Calida,Suston,csustonq2@wisc.edu,Female,160.75.114.182
940,Vale,Harradence,vharradenceq3@mapy.cz,Male,38.192.157.213
941,Holly,Tather,htatherq4@digg.com,Male,47.202.219.100
942,Minta,Renouf,mrenoufq5@aboutads.info,Female,238.11.7.161
943,Zelma,Quibell,zquibellq6@sina.com.cn,Female,142.199.128.56
944,Roselia,Unwin,runwinq7@yahoo.co.jp,Female,250.146.6.74
945,Rainer,Bloodworthe,rbloodwortheq8@bravesites.com,Male,196.98.185.169
946,Paulita,Ends,pendsq9@spotify.com,Female,141.186.112.153
947,Antoine,Rhelton,arheltonqa@foxnews.com,Male,39.32.244.168
948,Alic,Curnucke,acurnuckeqb@howstuffworks.com,Male,131.158.143.220
949,Bamby,Bazoche,bbazocheqc@princeton.edu,Female,27.195.120.248
950,Willis,Maestrini,wmaestriniqd@nydailynews.com,Male,125.225.189.65
951,Ado,Antham,aanthamqe@nih.gov,Male,147.233.55.141
952,Codi,Davidowsky,cdavidowskyqf@bizjournals.com,Male,80.181.104.42
953,Mackenzie,Mewes,mmewesqg@google.nl,Male,63.93.27.236
954,Tedi,Dzenisenka,tdzenisenkaqh@theglobeandmail.com,Female,207.199.123.35
955,Deny,Agnew,dagnewqi@yelp.com,Female,13.66.175.171
956,Tris,Wong,twongqj@godaddy.com,Male,38.151.24.7
957,Thorn,Rowdell,trowdellqk@themeforest.net,Male,255.66.114.115
958,Demetri,Kruschov,dkruschovql@skype.com,Male,218.42.237.82
959,Johan,Carn,jcarnqm@php.net,Male,250.129.139.90
960,Marrissa,De Brett,mdebrettqn@stumbleupon.com,Female,74.140.180.66
961,Malvina,McCormick,mmccormickqo@mapy.cz,Female,77.85.145.49
962,Desmond,Isselee,disseleeqp@japanpost.jp,Male,199.189.46.22
963,Chrissy,Assiter,cassiterqq@godaddy.com,Male,145.141.156.129
964,Ichabod,Starbuck,istarbuckqr@census.gov,Male,229.187.172.59
965,Juliet,Blakey,jblakeyqs@cnbc.com,Female,37.228.235.155
966,Felisha,Poll,fpollqt@globo.com,Female,206.183.91.136
967,Raine,Newsham,rnewshamqu@tinypic.com,Female,121.231.67.83
968,Ebenezer,Arangy,earangyqv@cbsnews.com,Male,156.50.232.56
969,Joey,Haskayne,jhaskayneqw@cam.ac.uk,Female,221.80.180.184
970,Franzen,Schleicher,fschleicherqx@360.cn,Male,96.148.210.124
971,Arturo,Bennedsen,abennedsenqy@gravatar.com,Male,211.230.108.80
972,Tonia,Blagden,tblagdenqz@businesswire.com,Female,253.155.161.215
973,Kerri,Valance,kvalancer0@alexa.com,Female,161.221.45.58
974,Charissa,Rolin,crolinr1@wordpress.org,Female,26.19.255.149
975,Izak,MacCrachen,imaccrachenr2@adobe.com,Male,187.144.58.230
976,Milton,Carmen,mcarmenr3@usatoday.com,Male,207.158.165.14
977,Basilius,Meneux,bmeneuxr4@scientificamerican.com,Male,200.217.103.75
978,Devonne,Willets,dwilletsr5@sbwire.com,Female,101.210.225.1
979,Alfy,Keems,akeemsr6@vk.com,Male,77.141.165.178
980,Isak,O'Brian,iobrianr7@google.es,Male,149.250.116.133
981,Miller,Tunstall,mtunstallr8@oakley.com,Male,87.187.168.50
982,Sean,Oldroyde,soldroyder9@elegantthemes.com,Male,62.199.50.23
983,Travis,Sycamore,tsycamorera@accuweather.com,Male,0.80.119.68
984,Maximo,Cheese,mcheeserb@arizona.edu,Male,190.110.68.236
985,Corinna,Kovnot,ckovnotrc@loc.gov,Female,133.217.29.162
986,Ines,Jerromes,ijerromesrd@unesco.org,Female,108.74.35.29
987,Garland,Pinney,gpinneyre@webeden.co.uk,Female,81.142.63.239
988,Barb,Litherland,blitherlandrf@is.gd,Female,143.60.98.177
989,Zack,Luter,zluterrg@cmu.edu,Male,32.143.97.85
990,Luciana,Britian,lbritianrh@aboutads.info,Female,232.22.173.136
991,Joshua,Pelfer,jpelferri@msu.edu,Male,215.187.210.133
992,Berrie,Ludye,bludyerj@hexun.com,Female,38.74.80.208
993,Gerald,Ayres,gayresrk@icq.com,Male,198.148.16.85
994,Roxane,Bytheway,rbythewayrl@newsvine.com,Female,135.10.51.3
995,Dunc,Sprason,dsprasonrm@typepad.com,Male,156.8.135.214
996,Jesse,Jeckell,jjeckellrn@economist.com,Male,210.111.76.97
997,Dedra,Boxhill,dboxhillro@amazon.co.jp,Female,132.177.230.11
998,Alvina,Grastye,agrastyerp@godaddy.com,Female,38.174.183.202
999,Kylie,Ross,krossrq@reuters.com,Female,57.196.102.72
1000,Ulrika,Aronson,uaronsonrr@nymag.com,Female,135.252.11.252
